site_no,spot_no,year,date,coral_cover,bleaching_all,bleaching_acropora,mortality_all,mortality_acropora
1,1,2020,2020-11-06,50.0,0.0,0.0,0.0,0.0
1,1,2021,2021-11-02,50.0,0.0,0.0,0.0,0.0
1,1,2022,2022-12-15,40.0,30.0,20.0,15.0,15.0
1,1,2023,2023-10-19,40.0,0.0,0.0,0.0,0.0
1,1,2024,2024-10-19,20.0,90.0,90.0,70.0,80.0
1,2,2020,2020-11-06,20.0,0.0,0.0,0.0,0.0
1,2,2021,2021-11-03,20.0,0.0,0.0,0.0,0.0
1,2,2022,2022-11-04,30.0,30.0,10.0,10.0,5.0
1,2,2023,2023-10-19,20.0,0.0,0.0,0.0,0.0
1,2,2024,2024-10-19,30.0,80.0,80.0,30.0,50.0
1,3,2020,2020-10-26,70.0,0.0,0.0,0.0,0.0
1,3,2021,2021-10-07,40.0,0.0,0.0,0.0,0.0
1,3,2022,2022-12-15,40.0,5.0,5.0,5.0,5.0
1,3,2023,2023-09-28,50.0,0.0,0.0,0.0,0.0
1,3,2024,2024-10-19,50.0,90.0,90.0,20.0,20.0
1,4,2020,2020-10-26,30.0,0.0,0.0,0.0,0.0
1,4,2021,2021-10-07,30.0,0.0,0.0,0.0,0.0
1,4,2022,2022-10-28,40.0,10.0,5.0,5.0,5.0
1,4,2023,2023-09-28,30.0,0.0,0.0,0.0,0.0
1,4,2024,2024-10-15,30.0,60.0,40.0,30.0,5.0
1,5,2020,2020-10-26,50.0,0.0,0.0,0.0,0.0
1,5,2021,2021-10-07,50.0,0.0,0.0,0.0,0.0
1,5,2022,2022-12-03,40.0,10.0,5.0,5.0,5.0
1,5,2023,2023-10-19,50.0,0.0,0.0,0.0,0.0
1,5,2024,2024-10-15,50.0,90.0,40.0,30.0,10.0
1,6,2020,2020-10-26,60.0,0.0,0.0,0.0,0.0
1,6,2021,2021-10-07,60.0,0.0,0.0,0.0,0.0
1,6,2022,2022-10-28,60.0,10.0,10.0,5.0,5.0
1,6,2023,2023-09-28,70.0,0.0,0.0,0.0,0.0
1,6,2024,2024-10-15,70.0,30.0,20.0,10.0,5.0
1,7,2020,2020-10-28,40.0,0.0,0.0,0.0,0.0
1,7,2021,2021-11-19,40.0,0.0,0.0,0.0,0.0
1,7,2022,2022-12-10,30.0,10.0,10.0,5.0,5.0
1,7,2023,2023-10-31,30.0,0.0,0.0,0.0,0.0
1,7,2024,2024-10-15,30.0,70.0,80.0,30.0,50.0
1,8,2020,2020-10-28,30.0,0.0,0.0,0.0,0.0
1,8,2021,2021-11-19,50.0,0.0,0.0,0.0,0.0
1,8,2022,2022-12-10,40.0,20.0,30.0,10.0,20.0
1,8,2023,2023-10-31,60.0,0.0,0.0,0.0,0.0
1,8,2024,2024-10-17,50.0,80.0,90.0,50.0,70.0
1,9,2020,2020-10-28,20.0,0.0,0.0,0.0,0.0
1,9,2021,2021-11-19,30.0,0.0,0.0,0.0,0.0
1,9,2022,2022-12-10,20.0,5.0,5.0,5.0,5.0
1,9,2023,2023-10-31,30.0,0.0,0.0,0.0,0.0
1,9,2024,2024-10-17,30.0,70.0,70.0,30.0,50.0
1,10,2020,2020-12-22,40.0,0.0,0.0,0.0,0.0
1,10,2021,2021-11-02,50.0,0.0,0.0,0.0,0.0
1,10,2022,2022-12-02,50.0,10.0,10.0,5.0,5.0
1,10,2023,2023-10-16,40.0,0.0,0.0,0.0,0.0
1,10,2024,2024-12-04,10.0,90.0,90.0,70.0,90.0
1,11,2020,2020-12-22,70.0,0.0,0.0,0.0,0.0
1,11,2021,2021-11-02,70.0,0.0,0.0,0.0,0.0
1,11,2022,2022-12-02,50.0,10.0,10.0,10.0,10.0
1,11,2023,2023-10-16,50.0,0.0,0.0,0.0,0.0
1,11,2024,2024-12-04,10.0,90.0,90.0,80.0,90.0
1,12,2020,2020-12-29,60.0,0.0,0.0,0.0,0.0
1,12,2021,2021-11-18,60.0,0.0,0.0,0.0,0.0
1,12,2022,2023-01-11,60.0,5.0,0.0,5.0,0.0
1,12,2023,2023-10-20,70.0,0.0,0.0,0.0,0.0
1,12,2024,2025-01-30,60.0,10.0,10.0,5.0,5.0
1,13,2020,2020-12-29,50.0,0.0,0.0,0.0,0.0
1,13,2021,2021-11-18,60.0,0.0,0.0,0.0,0.0
1,13,2022,2023-01-11,40.0,20.0,20.0,20.0,20.0
1,13,2023,2023-10-20,50.0,0.0,0.0,0.0,0.0
1,13,2024,2025-01-30,30.0,60.0,50.0,50.0,40.0
1,16,2020,2020-11-11,10.0,0.0,0.0,0.0,0.0
1,16,2021,2021-11-29,10.0,0.0,0.0,0.0,0.0
1,16,2022,2023-01-12,5.0,0.0,5.0,5.0,5.0
1,16,2023,2023-10-27,,0.0,0.0,0.0,0.0
1,16,2024,2024-11-05,,5.0,0.0,5.0,0.0
1,17,2020,2020-10-29,40.0,0.0,0.0,0.0,0.0
1,17,2021,2022-01-10,40.0,0.0,0.0,0.0,0.0
1,17,2022,2023-01-09,40.0,10.0,10.0,5.0,10.0
1,17,2023,2023-10-27,40.0,0.0,0.0,0.0,0.0
1,17,2024,2024-12-06,40.0,10.0,20.0,10.0,10.0
1,18,2020,2020-10-29,20.0,0.0,0.0,0.0,0.0
1,18,2021,2022-01-10,20.0,0.0,0.0,0.0,0.0
1,18,2022,2023-01-09,30.0,10.0,10.0,5.0,10.0
1,18,2023,2023-10-27,30.0,0.0,0.0,0.0,0.0
1,18,2024,2024-12-06,30.0,10.0,30.0,5.0,10.0
1,19,2020,2020-10-29,10.0,0.0,0.0,0.0,0.0
1,19,2021,2022-01-10,10.0,0.0,0.0,0.0,0.0
1,19,2022,2023-01-09,20.0,10.0,10.0,5.0,5.0
1,19,2023,2023-10-25,10.0,0.0,0.0,0.0,0.0
1,19,2024,2024-12-06,10.0,30.0,10.0,10.0,5.0
1,20,2020,2020-11-11,40.0,0.0,0.0,0.0,0.0
1,20,2021,2021-11-29,40.0,0.0,0.0,0.0,0.0
1,20,2022,2023-01-12,20.0,30.0,20.0,20.0,20.0
1,20,2023,2023-10-25,30.0,0.0,0.0,0.0,0.0
1,20,2024,2024-11-05,30.0,50.0,80.0,20.0,60.0
2,1,2022,2022-08-22,20.0,60.0,60.0,1.0,1.0
2,2,2022,2022-08-21,60.0,40.0,40.0,1.0,1.0
2,3,2022,2022-08-22,40.0,10.0,10.0,1.0,1.0
2,4,2022,2022-08-22,50.0,10.0,10.0,1.0,1.0
2,5,2022,2022-08-22,50.0,30.0,30.0,1.0,1.0
2,6,2022,2022-08-22,70.0,40.0,40.0,0.0,0.0
2,7,2022,2022-08-22,10.0,0.0,0.0,0.0,0.0
2,9,2022,2022-08-17,30.0,40.0,40.0,1.0,1.0
2,10,2022,2022-08-17,60.0,20.0,20.0,1.0,1.0
2,11,2022,2022-08-25,10.0,60.0,60.0,1.0,1.0
2,12,2022,2022-08-25,30.0,40.0,40.0,0.0,0.0
2,13,2022,2022-08-25,50.0,50.0,10.0,1.0,0.0
2,15,2022,2022-08-22,20.0,70.0,70.0,1.0,1.0
2,19,2022,2022-08-17,70.0,20.0,20.0,1.0,1.0
2,20,2022,2022-08-27,40.0,80.0,50.0,10.0,1.0
2,21,2022,2022-08-27,70.0,80.0,70.0,5.0,5.0
2,24,2022,2022-08-21,70.0,80.0,80.0,5.0,5.0
2,25,2022,2022-08-17,80.0,40.0,40.0,1.0,1.0
2,26,2022,2022-08-25,40.0,40.0,10.0,1.0,0.0
2,27,2022,2022-08-27,80.0,10.0,10.0,1.0,1.0
2,28,2022,2022-08-27,80.0,60.0,60.0,5.0,1.0
2,29,2022,2022-08-27,80.0,60.0,60.0,1.0,1.0
2,30,2022,2022-08-27,20.0,30.0,30.0,1.0,1.0
2,31,2022,2022-08-28,70.0,80.0,80.0,1.0,1.0
3,1,2020,2020-11-17,40.0,0.0,0.0,0.0,0.0
3,1,2021,2021-09-09,50.0,0.0,0.0,0.0,0.0
3,1,2022,2022-11-10,50.0,0.0,0.0,0.0,0.0
3,1,2023,2023-10-24,50.0,0.0,0.0,0.0,0.0
3,1,2024,2024-10-18,,90.0,90.0,90.0,90.0
3,2,2020,2020-09-14,30.0,50.0,50.0,0.0,0.0
3,2,2021,2021-12-29,40.0,50.0,0.0,50.0,0.0
3,2,2022,2022-08-24,40.0,80.0,80.0,0.0,0.0
3,2,2023,2023-10-27,30.0,0.0,0.0,0.0,0.0
3,2,2024,2024-12-03,10.0,50.0,0.0,50.0,0.0
3,3,2020,2020-09-14,70.0,0.0,0.0,0.0,0.0
3,3,2021,2021-12-29,80.0,0.0,0.0,0.0,0.0
3,3,2022,2022-08-24,80.0,80.0,80.0,,
3,3,2023,2023-10-27,80.0,0.0,0.0,0.0,0.0
3,3,2024,2024-12-04,30.0,70.0,0.0,70.0,0.0
3,4,2020,2020-08-15,,0.0,0.0,0.0,0.0
3,4,2021,2021-12-29,2.5,0.0,0.0,0.0,0.0
3,4,2022,2022-10-03,,20.0,50.0,0.0,0.0
3,4,2023,2023-10-27,,0.0,0.0,0.0,0.0
3,4,2024,2024-12-04,,5.0,0.0,0.0,0.0
3,5,2020,2020-09-14,,0.0,0.0,0.0,0.0
3,5,2021,2021-12-29,2.5,0.0,0.0,0.0,0.0
3,5,2022,2022-10-03,,10.0,0.0,0.0,0.0
3,5,2023,2023-10-27,,0.0,0.0,0.0,0.0
3,5,2024,2024-12-02,,50.0,0.0,20.0,0.0
3,6,2020,2020-11-25,80.0,0.0,0.0,0.0,0.0
3,6,2021,2022-01-12,80.0,0.0,0.0,0.0,0.0
3,6,2022,2022-10-05,80.0,20.0,20.0,0.0,0.0
3,6,2023,2023-10-19,80.0,0.0,0.0,0.0,0.0
3,6,2024,2024-10-19,30.0,70.0,70.0,70.0,70.0
3,7,2020,2020-11-25,30.0,0.0,0.0,0.0,0.0
3,7,2021,2022-01-12,30.0,0.0,0.0,0.0,0.0
3,7,2022,2022-10-05,30.0,80.0,80.0,0.0,0.0
3,7,2023,2023-10-19,20.0,0.0,0.0,0.0,0.0
3,7,2024,2024-10-19,10.0,80.0,80.0,50.0,50.0
3,8,2020,2020-09-11,,0.0,50.0,0.0,0.0
3,8,2021,2021-09-24,2.5,0.0,0.0,0.0,0.0
3,8,2022,2022-10-02,,80.0,80.0,30.0,30.0
3,8,2023,2023-10-23,,0.0,0.0,0.0,0.0
3,8,2024,2024-09-11,,50.0,0.0,50.0,0.0
3,9,2020,2020-10-22,30.0,0.0,0.0,0.0,0.0
3,9,2021,2021-09-10,30.0,0.0,0.0,0.0,0.0
3,9,2022,2022-09-30,40.0,60.0,60.0,0.0,0.0
3,9,2023,2023-09-28,40.0,0.0,0.0,0.0,0.0
3,9,2024,2024-10-17,,90.0,90.0,90.0,90.0
3,10,2020,2020-10-22,30.0,0.0,0.0,0.0,0.0
3,10,2021,2021-09-10,50.0,0.0,0.0,0.0,0.0
3,10,2022,2022-09-30,60.0,50.0,50.0,0.0,0.0
3,10,2023,2023-09-28,70.0,0.0,0.0,0.0,0.0
3,10,2024,2024-10-17,60.0,70.0,70.0,15.0,15.0
3,11,2020,2020-09-09,20.0,50.0,50.0,0.0,0.0
3,11,2021,2021-12-29,20.0,0.0,0.0,0.0,0.0
3,11,2022,2022-10-03,30.0,80.0,50.0,0.0,0.0
3,11,2023,2023-10-29,30.0,0.0,0.0,0.0,0.0
3,11,2024,2024-12-01,,90.0,90.0,90.0,90.0
3,12,2020,2020-08-29,70.0,0.0,0.0,0.0,0.0
3,12,2021,2021-10-04,80.0,0.0,0.0,0.0,0.0
3,12,2022,2022-09-28,80.0,0.0,0.0,0.0,0.0
3,12,2023,2023-09-14,80.0,0.0,0.0,0.0,0.0
3,12,2024,2024-11-05,20.0,80.0,80.0,80.0,80.0
3,13,2020,2020-09-25,20.0,0.0,0.0,0.0,0.0
3,13,2021,2021-10-04,20.0,0.0,0.0,0.0,0.0
3,13,2022,2022-09-28,20.0,20.0,20.0,0.0,0.0
3,13,2023,2023-09-14,20.0,0.0,0.0,0.0,0.0
3,13,2024,2024-11-05,10.0,50.0,50.0,50.0,50.0
3,14,2020,2020-09-25,70.0,0.0,0.0,0.0,0.0
3,14,2021,2020-09-25,70.0,0.0,0.0,0.0,0.0
3,14,2022,2022-09-28,70.0,10.0,10.0,0.0,0.0
3,14,2023,2023-09-30,70.0,0.0,0.0,0.0,0.0
3,14,2024,2024-11-30,30.0,70.0,70.0,70.0,70.0
3,15,2020,2020-08-22,60.0,30.0,30.0,0.0,0.0
3,15,2021,2021-10-02,60.0,30.0,0.0,30.0,0.0
3,15,2022,2022-09-28,60.0,30.0,30.0,0.0,0.0
3,15,2023,2023-11-15,60.0,20.0,20.0,10.0,10.0
3,15,2024,2024-11-30,50.0,20.0,20.0,20.0,20.0
4,1,2020,2020-09-27,30.0,50.0,0.0,0.0,0.0
4,1,2021,2021-11-16,30.0,0.0,0.0,0.0,0.0
4,1,2022,2022-12-27,40.0,0.0,0.0,0.0,0.0
4,1,2023,2023-09-12,40.0,0.0,0.0,0.0,0.0
4,1,2024,2024-10-07,40.0,90.0,90.0,40.0,70.0
4,2,2020,2020-09-08,20.0,0.5,10.0,0.5,0.5
4,2,2021,2021-09-25,40.0,0.0,0.0,0.0,0.0
4,2,2022,2022-12-28,30.0,20.0,15.0,50.0,35.0
4,2,2023,2023-09-06,30.0,0.0,0.0,0.0,0.0
4,2,2024,2024-09-27,30.0,50.0,90.0,10.0,80.0
4,3,2020,2020-09-27,50.0,0.5,0.0,0.5,0.0
4,3,2021,2021-11-16,50.0,0.0,0.0,0.0,0.0
4,3,2022,2022-12-27,50.0,10.0,80.0,5.0,5.0
4,3,2023,2023-09-12,60.0,0.0,0.0,0.0,0.0
4,3,2024,2024-10-07,50.0,80.0,90.0,30.0,50.0
4,4,2020,2020-09-27,20.0,0.0,0.0,0.0,0.0
4,4,2021,2021-11-16,40.0,0.0,0.0,0.0,0.0
4,4,2022,2022-12-27,30.0,5.0,10.0,0.5,2.5
4,4,2023,2023-09-12,20.0,0.0,0.0,0.0,0.0
4,4,2024,2024-10-07,30.0,70.0,90.0,20.0,40.0
4,5,2020,2020-09-08,10.0,0.5,45.0,0.5,0.5
4,5,2021,2021-09-25,10.0,0.0,0.0,0.0,0.0
4,5,2022,2022-12-28,10.0,10.0,10.0,7.5,12.5
4,5,2023,2023-09-06,10.0,0.0,0.0,0.0,0.0
4,5,2024,2024-09-27,20.0,50.0,90.0,10.0,80.0
4,6,2020,2020-09-08,10.0,0.0,0.0,0.0,0.0
4,6,2021,2021-11-16,40.0,0.0,0.0,0.0,0.0
4,6,2022,2022-12-27,30.0,15.0,55.0,3.0,5.0
4,6,2023,2023-09-06,50.0,0.0,0.0,0.0,0.0
4,6,2024,2024-09-27,50.0,80.0,90.0,30.0,40.0
4,7,2020,2021-01-11,30.0,0.0,0.0,0.0,0.0
4,7,2021,2021-09-20,30.0,0.0,0.0,0.0,0.0
4,7,2022,2023-01-20,10.0,1.5,5.0,45.0,1.5
4,7,2023,2023-12-06,20.0,0.0,0.0,0.0,0.0
4,7,2024,2024-10-19,20.0,80.0,90.0,50.0,70.0
4,8,2020,2021-01-11,10.0,0.0,0.0,0.0,0.0
4,8,2021,2021-09-20,10.0,0.0,0.0,0.0,0.0
4,8,2022,2023-01-20,10.0,0.0,0.0,0.0,0.0
4,8,2023,2023-12-06,,0.0,0.0,0.0,0.0
4,8,2024,2024-10-19,10.0,90.0,90.0,50.0,50.0
4,9,2020,2021-01-11,20.0,0.0,0.0,0.0,0.0
4,9,2021,2021-09-20,20.0,0.5,50.0,0.0,0.0
4,9,2022,2023-01-20,10.0,0.0,0.0,0.0,0.0
4,9,2023,2023-12-06,20.0,0.0,0.0,0.0,0.0
4,9,2024,2024-10-19,20.0,90.0,90.0,40.0,60.0
4,10,2020,2021-01-11,20.0,0.0,0.0,0.0,0.0
4,10,2021,2021-09-20,30.0,0.0,0.0,0.0,0.0
4,10,2022,2023-01-20,30.0,0.0,0.0,0.0,0.0
4,10,2023,2023-12-06,40.0,0.0,0.0,0.0,0.0
4,10,2024,2024-10-19,40.0,60.0,70.0,40.0,40.0
4,11,2020,2021-01-11,10.0,0.0,0.0,0.0,0.0
4,11,2021,2021-09-20,10.0,0.0,0.0,0.0,0.0
4,11,2022,2023-01-20,20.0,0.0,0.0,0.0,0.0
4,11,2023,2023-12-06,30.0,0.0,0.0,0.0,0.0
4,11,2024,2024-10-19,20.0,80.0,90.0,70.0,80.0
4,12,2020,2021-01-11,,0.0,0.0,0.0,0.0
4,12,2021,2021-09-20,10.0,0.0,0.0,0.0,0.0
4,12,2024,2024-10-19,30.0,70.0,80.0,40.0,60.0
4,13,2020,2021-01-11,20.0,0.0,0.0,0.0,0.0
4,13,2021,2021-09-20,30.0,0.0,0.0,0.0,0.0
4,13,2022,2023-01-20,30.0,0.0,0.0,0.0,0.0
4,13,2023,2023-12-06,10.0,0.0,0.0,0.0,0.0
4,13,2024,2024-10-19,20.0,40.0,90.0,10.0,80.0
4,15,2020,2021-01-11,20.0,0.0,0.0,0.0,0.0
4,15,2021,2021-09-20,40.0,0.0,0.0,0.0,0.0
4,15,2022,2023-01-20,60.0,0.0,0.0,0.0,0.0
4,15,2023,2023-12-06,40.0,0.0,0.0,0.0,0.0
4,15,2024,2024-10-19,50.0,70.0,70.0,20.0,30.0
4,16,2020,2020-09-19,10.0,0.0,0.0,0.0,0.0
4,16,2021,2021-12-21,10.0,0.0,0.0,0.0,0.0
4,16,2022,2022-10-04,,4.0,6.5,0.0,0.0
4,16,2023,2023-09-17,,0.0,0.0,0.0,0.0
4,16,2024,2024-11-17,,40.0,50.0,20.0,50.0
4,17,2020,2020-12-13,40.0,0.0,0.0,0.0,0.0
4,17,2021,2021-09-07,40.0,0.0,0.0,0.0,0.0
4,17,2023,2023-09-17,40.0,1.5,1.5,1.5,1.5
4,17,2024,2024-10-17,40.0,80.0,80.0,20.0,20.0
4,18,2020,2020-12-13,60.0,0.0,0.0,0.0,0.0
4,18,2021,2021-09-07,60.0,1.5,0.0,0.0,0.0
4,18,2023,2023-09-17,60.0,0.0,0.0,0.0,0.0
4,18,2024,2024-10-17,50.0,80.0,80.0,30.0,20.0
4,19,2020,2020-12-13,40.0,0.0,0.0,0.0,0.0
4,19,2021,2021-09-07,40.0,0.0,0.0,0.0,0.0
4,19,2023,2023-09-17,40.0,0.0,0.0,0.0,0.0
4,19,2024,2024-10-17,20.0,80.0,90.0,20.0,20.0
4,20,2020,2020-12-13,30.0,0.0,0.0,0.0,0.0
4,20,2021,2021-09-07,40.0,0.0,0.0,0.0,0.0
4,20,2023,2023-09-17,30.0,2.5,45.0,0.5,45.0
4,20,2024,2024-10-17,30.0,80.0,80.0,10.0,20.0
4,21,2020,2020-12-13,40.0,0.0,0.0,0.0,0.0
4,21,2021,2021-09-07,50.0,0.0,0.0,0.0,0.0
4,21,2023,2023-09-17,50.0,0.0,0.0,0.0,0.0
4,21,2024,2024-10-17,40.0,80.0,80.0,20.0,30.0
4,22,2020,2020-12-13,50.0,0.0,0.0,0.0,0.0
4,22,2021,2021-09-07,50.0,0.0,0.0,0.0,0.0
4,22,2023,2023-09-17,50.0,0.0,0.0,0.0,0.0
4,22,2024,2024-10-17,50.0,80.0,70.0,10.0,20.0
4,23,2020,2020-09-19,20.0,2.5,0.0,0.0,0.0
4,23,2021,2021-12-21,20.0,0.0,0.0,0.0,0.0
4,23,2022,2022-10-04,20.0,10.0,45.0,2.0,1.5
4,23,2023,2023-11-16,20.0,0.0,0.0,0.0,0.0
4,23,2024,2024-11-17,20.0,30.0,20.0,20.0,10.0
4,24,2020,2020-09-19,40.0,0.0,0.0,0.0,0.0
4,24,2021,2021-12-21,60.0,0.0,0.0,0.0,0.0
4,24,2022,2022-10-04,50.0,25.0,15.0,1.5,1.5
4,24,2023,2023-11-16,60.0,0.0,0.0,0.0,0.0
4,24,2024,2024-11-17,60.0,20.0,10.0,10.0,5.0
4,25,2020,2020-09-19,40.0,0.0,0.0,0.0,0.0
4,25,2021,2021-12-21,60.0,0.0,0.0,0.0,0.0
4,25,2022,2022-10-04,50.0,10.0,40.0,2.0,2.0
4,25,2023,2023-11-16,60.0,0.0,0.0,0.0,0.0
4,25,2024,2024-11-17,50.0,20.0,10.0,10.0,5.0
4,26,2023,2023-11-16,70.0,0.0,0.0,0.0,0.0
4,26,2024,2024-11-17,60.0,20.0,10.0,5.0,5.0
4,27,2020,2020-12-13,60.0,0.0,0.0,0.0,0.0
4,27,2021,2021-09-07,70.0,0.0,0.0,0.0,0.0
4,27,2023,2023-09-17,60.0,0.0,0.0,0.0,0.0
4,27,2024,2024-10-17,60.0,70.0,50.0,10.0,10.0
4,28,2020,2020-09-19,60.0,4.0,35.0,0.0,0.0
4,28,2021,2021-09-07,60.0,0.5,0.0,0.0,0.0
4,28,2022,2022-10-04,80.0,3.0,10.0,0.0,0.0
4,28,2023,2023-09-17,70.0,0.0,0.0,0.0,0.0
4,28,2024,2024-10-17,40.0,90.0,90.0,40.0,50.0
4,33,2020,2020-09-27,60.0,0.5,50.0,0.0,0.0
4,33,2021,2021-11-16,50.0,0.0,0.0,0.0,0.0
4,33,2022,2022-12-27,60.0,0.0,0.0,0.0,0.0
4,33,2023,2023-09-12,40.0,0.0,0.0,0.0,0.0
4,33,2024,2024-10-07,40.0,80.0,90.0,60.0,70.0
4,35,2024,2024-10-07,20.0,70.0,90.0,20.0,30.0
4,39,2020,2020-09-19,70.0,2.5,0.0,0.5,0.0
4,39,2021,2021-12-21,60.0,0.0,0.0,0.0,0.0
4,39,2022,2022-10-04,60.0,7.5,11.5,1.5,0.5
4,40,2020,2021-01-11,70.0,0.0,0.0,0.0,0.0
4,40,2021,2021-09-20,70.0,0.0,0.0,0.0,0.0
4,40,2022,2023-01-20,70.0,0.0,0.0,0.0,0.0
4,40,2023,2023-12-06,70.0,0.0,0.0,0.0,0.0
4,40,2024,2024-10-19,70.0,40.0,60.0,10.0,10.0
4,42,2020,2021-01-11,30.0,0.0,0.0,0.0,0.0
4,43,2020,2020-12-13,10.0,0.0,0.0,0.0,0.0
4,44,2021,2021-09-20,60.0,0.0,0.0,0.0,0.0
4,44,2022,2023-01-20,20.0,0.0,0.0,0.0,0.0
4,44,2023,2023-12-06,30.0,0.0,0.0,0.0,0.0
4,45,2021,2021-09-07,50.0,0.5,0.0,0.0,0.0
4,46,2022,2023-01-20,50.0,0.0,0.0,0.0,0.0
4,47,2023,2023-10-23,30.0,0.0,0.0,0.0,0.0
4,48,2023,2023-10-23,20.0,0.0,0.0,0.0,0.0
4,48,2024,2024-06-05,30.0,0.0,0.0,0.0,0.0
4,49,2024,2024-06-05,30.0,0.0,0.0,0.0,0.0
4,50,2024,2024-06-05,40.0,0.0,0.0,0.0,0.0
4,51,2024,2024-06-05,,0.0,0.0,0.0,0.0
5,1,2020,2020-09-27,50.0,0.0,0.0,0.0,0.0
5,1,2021,2021-11-16,50.0,0.0,0.0,0.0,0.0
5,1,2022,2022-12-27,40.0,0.0,0.0,0.0,0.0
5,1,2023,2023-09-12,40.0,0.0,0.0,0.0,0.0
5,1,2024,2024-10-07,20.0,90.0,90.0,50.0,70.0
5,4,2020,2021-01-14,60.0,10.0,45.0,2.5,2.5
5,4,2021,2021-11-21,60.0,0.0,0.0,0.0,0.0
5,4,2022,2022-11-03,60.0,1.5,0.0,0.5,0.0
5,4,2023,2023-11-10,60.0,0.0,0.0,0.0,0.0
5,4,2024,2024-10-16,60.0,80.0,80.0,40.0,30.0
5,5,2020,2021-01-14,70.0,0.0,0.0,0.0,0.0
5,5,2021,2021-11-21,60.0,0.0,0.0,0.0,0.0
5,5,2022,2022-11-03,70.0,0.0,0.0,0.0,0.0
5,5,2023,2023-11-10,60.0,0.0,0.0,0.0,0.0
5,5,2024,2024-10-16,50.0,70.0,80.0,30.0,50.0
5,6,2020,2021-01-14,40.0,5.0,40.0,2.5,5.0
5,6,2021,2021-11-21,30.0,0.0,0.0,0.0,0.0
5,6,2023,2023-11-10,40.0,0.0,0.0,0.0,0.0
5,6,2024,2024-10-16,40.0,70.0,60.0,40.0,50.0
5,7,2020,2021-01-14,70.0,0.0,0.0,0.0,0.0
5,7,2021,2021-11-21,50.0,0.0,0.0,0.0,0.0
5,7,2022,2022-11-03,60.0,1.5,30.0,0.0,0.0
5,7,2023,2023-11-10,50.0,0.0,0.0,0.0,0.0
5,7,2024,2024-10-16,50.0,60.0,70.0,30.0,30.0
5,8,2020,2021-01-14,20.0,0.0,0.0,0.0,0.0
5,8,2021,2021-11-21,40.0,0.0,0.0,0.0,0.0
5,8,2022,2022-11-03,60.0,0.0,0.0,0.0,0.0
5,8,2023,2023-11-10,50.0,0.0,0.0,0.0,0.0
5,8,2024,2024-10-16,50.0,70.0,60.0,30.0,40.0
5,9,2020,2021-01-14,40.0,0.0,0.0,0.0,0.0
5,9,2021,2021-11-21,50.0,0.0,0.0,0.0,0.0
5,9,2022,2022-11-03,80.0,0.0,0.0,0.0,0.0
5,9,2023,2023-11-10,70.0,0.0,0.0,0.0,0.0
5,10,2020,2020-11-07,50.0,0.0,0.0,0.0,0.0
5,10,2021,2021-10-09,60.0,0.0,0.0,0.0,0.0
5,10,2022,2022-10-22,50.0,0.0,0.0,0.0,0.0
5,10,2023,2023-11-15,40.0,0.0,0.0,0.0,0.0
5,10,2024,2024-10-16,,90.0,100.0,80.0,95.0
5,11,2023,2023-11-15,50.0,0.0,0.0,0.0,0.0
5,11,2024,2024-09-11,30.0,90.0,90.0,20.0,30.0
5,12,2020,2020-11-07,20.0,0.0,0.0,0.0,0.0
5,12,2021,2021-10-09,40.0,0.0,0.0,0.0,0.0
5,12,2022,2022-10-22,40.0,0.0,0.0,0.0,0.0
5,12,2023,2023-11-15,30.0,0.0,0.0,0.0,0.0
5,12,2024,2024-09-11,20.0,90.0,90.0,20.0,30.0
5,13,2020,2021-01-21,10.0,1.5,1.5,0.0,0.0
5,13,2021,2021-09-25,20.0,0.0,0.0,0.0,0.0
5,13,2022,2023-01-14,20.0,0.0,0.0,0.0,0.0
5,13,2023,2023-09-06,30.0,0.0,0.0,0.0,0.0
5,13,2024,2024-09-05,10.0,90.0,100.0,50.0,80.0
5,14,2020,2020-11-07,40.0,0.0,0.0,0.0,0.0
5,14,2021,2021-10-09,40.0,0.0,0.0,0.0,0.0
5,14,2022,2022-10-22,40.0,0.0,0.0,0.0,0.0
5,14,2023,2023-09-05,30.0,0.0,0.0,0.0,0.0
5,14,2024,2024-09-11,40.0,80.0,80.0,20.0,10.0
5,15,2020,2020-09-08,10.0,5.0,0.0,0.0,0.0
5,15,2021,2021-09-25,10.0,0.0,0.0,0.0,0.0
5,15,2022,2023-01-14,10.0,0.0,0.0,0.0,0.0
5,15,2023,2023-09-06,10.0,0.0,0.0,0.0,0.0
5,15,2024,2024-09-05,10.0,80.0,80.0,10.0,10.0
5,16,2020,2021-01-16,60.0,0.0,0.0,0.0,0.0
5,16,2021,2021-10-05,60.0,0.0,0.0,0.0,0.0
5,16,2022,2022-11-23,60.0,0.0,0.0,0.0,0.0
5,16,2023,2023-09-05,50.0,0.0,0.0,0.0,0.0
5,16,2024,2024-09-13,50.0,70.0,80.0,3.0,3.0
5,17,2020,2020-09-17,60.0,0.0,0.0,0.0,0.0
5,17,2021,2021-10-05,70.0,0.5,50.0,0.0,0.0
5,17,2022,2022-12-21,50.0,0.0,0.0,0.0,0.0
5,17,2023,2023-09-05,40.0,0.0,0.0,0.0,0.0
5,17,2024,2024-09-13,50.0,70.0,95.0,60.0,90.0
5,18,2020,2020-09-17,70.0,0.0,0.0,0.0,0.0
5,18,2021,2021-10-05,80.0,0.0,0.0,0.0,0.0
5,18,2022,2022-12-21,70.0,1.5,45.0,1.5,45.0
5,18,2023,2023-09-05,70.0,0.0,0.0,0.0,0.0
5,18,2024,2024-09-13,60.0,80.0,80.0,3.0,5.0
5,19,2020,2020-09-17,50.0,0.0,0.0,0.0,0.0
5,19,2021,2021-10-05,60.0,0.0,0.0,0.0,0.0
5,19,2022,2022-12-21,70.0,0.0,0.0,0.0,0.0
5,19,2023,2023-09-05,60.0,0.0,0.0,0.0,0.0
5,19,2024,2024-09-13,50.0,80.0,90.0,5.0,10.0
5,20,2020,2020-09-17,60.0,0.0,0.0,0.0,0.0
5,20,2021,2021-10-05,70.0,0.0,0.0,0.0,0.0
5,20,2022,2022-12-21,80.0,0.0,0.0,0.0,0.0
5,20,2023,2023-09-05,70.0,0.0,0.0,0.0,0.0
5,20,2024,2024-09-13,40.0,90.0,90.0,50.0,70.0
5,21,2020,2020-10-28,50.0,0.5,50.0,0.0,0.0
5,21,2021,2021-12-12,50.0,0.0,0.0,0.0,0.0
5,21,2022,2022-11-13,60.0,0.0,0.0,0.0,0.0
5,21,2023,2023-09-09,40.0,0.0,0.0,0.0,0.0
5,21,2024,2024-09-02,60.0,90.0,90.0,10.0,20.0
5,23,2020,2020-10-28,60.0,0.0,0.0,0.0,0.0
5,23,2021,2021-12-12,70.0,0.0,0.0,0.0,0.0
5,23,2022,2022-11-13,80.0,0.0,0.0,0.0,0.0
5,23,2023,2023-09-09,70.0,0.0,0.0,0.0,0.0
5,23,2024,2024-09-02,70.0,70.0,70.0,5.0,5.0
5,24,2020,2020-09-29,30.0,0.0,0.0,0.0,0.0
5,24,2021,2021-10-16,30.0,0.0,0.0,0.0,0.0
5,24,2022,2022-10-09,30.0,2.0,50.0,0.5,0.5
5,24,2023,2023-09-18,30.0,0.0,0.0,0.0,0.0
5,24,2024,2024-09-05,30.0,70.0,90.0,10.0,3.0
5,25,2020,2020-09-29,60.0,0.0,0.0,0.0,0.0
5,25,2021,2021-10-16,60.0,0.0,0.0,0.0,0.0
5,25,2022,2022-10-09,60.0,4.0,7.5,1.5,0.0
5,25,2023,2023-09-18,60.0,0.0,0.0,0.0,0.0
5,25,2024,2024-09-05,70.0,90.0,90.0,3.0,3.0
5,26,2020,2020-09-29,50.0,0.0,0.0,0.0,0.0
5,26,2021,2021-10-16,50.0,0.0,0.0,0.0,0.0
5,26,2022,2022-10-09,20.0,3.0,45.0,0.0,5.0
5,26,2023,2023-09-18,40.0,0.0,0.0,0.0,0.0
5,26,2024,2024-09-05,40.0,10.0,95.0,3.0,90.0
5,27,2020,2020-09-29,70.0,0.0,0.0,0.0,0.0
5,27,2021,2021-10-16,70.0,0.0,0.0,0.0,0.0
5,27,2022,2022-10-09,80.0,5.0,30.0,7.5,10.0
5,27,2023,2023-09-18,80.0,0.0,0.0,0.0,0.0
5,27,2024,2024-09-05,70.0,90.0,90.0,5.0,10.0
5,28,2020,2020-09-29,40.0,1.5,65.0,0.5,0.0
5,28,2021,2021-10-16,50.0,0.0,0.0,0.0,0.0
5,28,2022,2022-10-09,40.0,25.0,85.0,15.0,50.0
5,28,2023,2023-09-18,40.0,0.0,0.0,0.0,0.0
5,28,2024,2024-09-22,30.0,40.0,95.0,10.0,90.0
5,29,2020,2020-09-29,80.0,0.0,0.0,0.0,0.0
5,29,2021,2021-10-16,80.0,0.0,0.0,0.0,0.0
5,29,2022,2022-10-09,80.0,3.0,50.0,0.0,0.0
5,29,2023,2023-09-18,80.0,0.0,0.0,0.0,0.0
5,29,2024,2024-09-22,50.0,80.0,90.0,40.0,50.0
5,30,2022,2022-12-27,70.0,0.0,0.0,0.0,0.0
5,31,2020,2020-09-27,50.0,0.5,0.0,0.0,0.0
5,31,2021,2021-11-21,40.0,0.0,0.0,0.0,0.0
5,31,2022,2022-11-03,50.0,2.5,2.5,4.0,50.0
5,31,2023,2023-09-12,30.0,0.0,0.0,0.0,0.0
5,31,2024,2024-10-16,30.0,90.0,90.0,50.0,70.0
5,32,2020,2020-09-08,20.0,35.0,5.0,1.5,0.5
5,32,2021,2021-09-25,30.0,0.0,0.0,0.0,0.0
5,32,2022,2022-12-28,30.0,2.5,25.0,0.5,0.5
5,32,2023,2023-11-15,30.0,0.0,0.0,0.0,0.0
5,32,2024,2024-09-11,20.0,80.0,90.0,10.0,80.0
5,33,2020,2020-09-08,20.0,2.5,5.0,0.5,0.5
5,33,2021,2021-10-09,30.0,0.0,0.0,0.0,0.0
5,33,2022,2022-12-28,30.0,2.5,25.0,2.5,2.5
5,33,2023,2023-11-15,20.0,0.0,0.0,0.0,0.0
5,33,2024,2024-09-11,20.0,90.0,90.0,30.0,50.0
5,40,2020,2020-10-28,40.0,0.0,0.0,0.0,0.0
5,40,2021,2021-11-21,50.0,0.0,0.0,0.0,0.0
5,40,2022,2022-10-22,50.0,1.5,0.0,0.0,0.0
5,40,2023,2023-11-10,60.0,0.0,0.0,0.0,0.0
5,40,2024,2024-10-16,,90.0,90.0,80.0,80.0
5,43,2020,2020-09-08,20.0,0.5,60.0,0.5,0.5
5,43,2021,2021-09-25,20.0,0.5,0.0,0.0,0.0
5,43,2022,2023-01-14,20.0,3.0,3.0,26.5,3.0
5,43,2023,2023-09-06,20.0,0.0,0.0,0.0,0.0
5,43,2024,2024-09-05,20.0,80.0,90.0,10.0,3.0
5,44,2020,2021-01-21,30.0,10.0,45.0,0.5,2.5
5,44,2021,2021-10-09,40.0,0.0,0.0,0.0,0.0
5,44,2022,2022-10-22,50.0,1.5,0.0,0.0,0.0
5,45,2020,2021-01-14,70.0,0.0,0.0,0.0,0.0
5,45,2021,2021-11-21,60.0,0.0,0.0,0.0,0.0
5,45,2022,2022-11-03,70.0,0.0,0.0,0.0,0.0
5,45,2023,2023-11-10,70.0,0.0,0.0,0.0,0.0
5,45,2024,2024-10-16,60.0,50.0,50.0,30.0,40.0
5,46,2022,2023-01-21,50.0,0.0,0.0,0.0,0.0
5,46,2023,2023-09-05,50.0,0.0,0.0,0.0,0.0
5,46,2024,2024-09-13,40.0,90.0,90.0,20.0,30.0
5,48,2021,2021-11-16,70.0,1.5,50.0,1.5,50.0
5,48,2022,2022-12-27,70.0,35.0,90.0,85.0,80.0
5,48,2023,2023-09-12,70.0,1.5,45.0,1.5,1.5
5,48,2024,2024-10-07,,90.0,100.0,80.0,90.0
5,49,2023,2023-09-18,70.0,0.0,0.0,0.0,0.0
5,49,2024,2024-09-22,50.0,70.0,80.0,50.0,60.0
5,51,2021,2021-10-05,70.0,0.0,0.0,0.0,0.0
5,51,2023,2023-09-05,70.0,0.0,0.0,0.0,0.0
5,51,2024,2024-09-13,60.0,80.0,90.0,5.0,10.0
5,52,2021,2021-10-16,70.0,0.0,0.0,0.0,0.0
5,52,2024,2024-09-05,70.0,90.0,90.0,20.0,30.0
5,53,2022,2022-11-03,70.0,0.0,0.0,0.0,0.0
5,54,2022,2022-11-03,40.0,0.0,0.0,0.0,0.0
5,55,2022,2022-10-22,50.0,1.5,0.0,0.0,0.0
5,56,2022,2022-12-21,70.0,0.0,0.0,0.0,0.0
5,57,2022,2022-10-16,70.0,3.0,0.0,0.0,0.0
5,58,2022,2022-10-16,80.0,3.0,3.0,0.0,0.0
5,59,2022,2022-10-09,10.0,40.0,85.0,50.0,50.0
5,60,2022,2022-11-13,80.0,0.0,0.0,0.0,0.0
5,61,2023,2023-09-18,50.0,0.0,0.0,0.0,0.0
5,63,2024,2024-09-22,20.0,80.0,90.0,70.0,90.0
5,64,2024,2024-09-22,70.0,70.0,80.0,10.0,20.0
5,65,2024,2024-09-22,30.0,90.0,95.0,40.0,50.0
5,66,2024,2024-10-16,40.0,80.0,80.0,40.0,40.0
6,1,2020,2020-10-28,70.0,0.0,0.0,0.0,0.0
6,1,2021,2021-12-12,80.0,0.0,0.0,0.0,0.0
6,1,2022,2022-11-13,80.0,0.0,0.0,0.0,0.0
6,1,2023,2023-09-09,70.0,0.0,0.0,0.0,0.0
6,1,2024,2024-09-02,80.0,90.0,90.0,10.0,20.0
6,2,2020,2020-10-28,70.0,0.0,0.0,0.0,0.0
6,2,2021,2021-12-12,70.0,0.0,0.0,0.0,0.0
6,2,2022,2022-11-13,70.0,0.5,40.0,0.0,0.0
6,2,2023,2023-09-09,70.0,0.0,0.0,0.0,0.0
6,2,2024,2024-09-02,80.0,90.0,90.0,5.0,5.0
6,3,2020,2020-10-28,60.0,0.0,0.0,0.0,0.0
6,3,2021,2021-12-12,50.0,0.0,0.0,0.0,0.0
6,3,2023,2023-09-09,50.0,0.0,0.0,0.0,0.0
6,3,2024,2024-09-02,50.0,90.0,90.0,10.0,10.0
6,4,2020,2020-10-28,60.0,0.0,0.0,0.0,0.0
6,4,2021,2021-12-12,60.0,0.0,0.0,0.0,0.0
6,4,2022,2022-11-13,70.0,0.0,0.0,0.0,0.0
6,4,2023,2023-09-09,70.0,0.0,0.0,0.0,0.0
6,4,2024,2024-09-02,70.0,80.0,80.0,5.0,3.0
6,5,2020,2020-10-28,60.0,0.0,0.0,0.0,0.0
6,5,2021,2021-12-12,60.0,0.0,0.0,0.0,0.0
6,5,2022,2022-11-13,70.0,0.0,0.0,0.0,0.0
6,5,2023,2023-09-09,70.0,0.0,0.0,0.0,0.0
6,5,2024,2024-09-02,70.0,90.0,90.0,10.0,5.0
6,7,2021,2021-09-18,40.0,0.0,0.0,0.0,0.0
6,8,2021,2021-09-19,60.0,0.0,0.0,0.0,0.0
6,10,2021,2021-12-12,80.0,0.0,0.0,0.0,0.0
6,10,2022,2022-11-13,80.0,1.5,45.0,2.5,50.0
6,10,2023,2023-09-09,60.0,0.0,0.0,0.0,0.0
6,10,2024,2024-09-02,40.0,90.0,90.0,50.0,60.0
6,11,2021,2021-09-19,70.0,0.0,0.0,0.0,0.0
6,12,2022,2022-11-13,70.0,0.0,0.0,0.0,0.0
6,13,2024,2024-09-02,70.0,90.0,90.0,10.0,10.0
7,1,2020,2020-10-03,20.0,0.0,0.0,0.0,0.0
7,1,2021,2021-10-31,30.0,0.0,0.0,0.0,0.0
7,1,2022,2022-11-13,30.0,0.0,0.0,0.0,0.0
7,1,2023,2023-11-19,30.0,0.0,0.0,0.0,0.0
7,1,2024,2024-10-15,20.0,10.0,25.0,2.0,10.0
7,2,2020,2020-10-03,10.0,0.0,0.0,0.0,0.0
7,2,2021,2021-10-29,10.0,0.0,0.0,0.0,0.0
7,2,2022,2022-11-11,10.0,0.0,0.0,0.0,0.0
7,2,2023,2023-10-11,10.0,0.0,0.0,0.0,0.0
7,2,2024,2024-10-15,,10.0,100.0,5.0,100.0
7,3,2020,2020-10-04,30.0,0.0,0.0,0.0,0.0
7,3,2021,2021-10-30,40.0,0.0,0.0,0.0,0.0
7,3,2022,2022-11-12,40.0,,0.0,0.0,0.0
7,3,2023,2023-09-24,30.0,,0.0,0.0,0.0
7,3,2024,2024-10-18,,100.0,100.0,90.0,95.0
7,4,2020,2020-11-07,40.0,0.0,0.0,0.0,0.0
7,4,2021,2021-10-31,40.0,0.0,0.0,0.0,0.0
7,4,2022,2022-11-13,40.0,0.0,0.0,0.0,0.0
7,4,2023,2023-09-24,40.0,0.0,0.0,0.0,0.0
7,4,2024,2024-10-18,30.0,10.0,10.0,5.0,10.0
7,5,2020,2020-11-07,20.0,0.0,0.0,0.0,0.0
7,5,2021,2021-10-31,30.0,0.0,0.0,0.0,0.0
7,5,2022,2022-11-13,20.0,0.0,0.0,0.0,0.0
7,5,2023,2023-11-19,20.0,0.0,0.0,0.0,0.0
7,5,2024,2024-10-18,20.0,10.0,50.0,5.0,10.0
7,6,2020,2020-09-19,50.0,,0.0,0.0,0.0
7,6,2021,2021-10-30,60.0,0.0,0.0,0.0,0.0
7,6,2022,2022-11-12,50.0,0.0,0.0,0.0,0.0
7,6,2023,2023-11-20,50.0,0.0,0.0,0.0,0.0
7,6,2024,2024-10-12,50.0,5.0,10.0,3.0,2.0
7,7,2020,2020-11-07,50.0,0.0,0.0,0.0,0.0
7,7,2021,2021-11-05,40.0,0.0,0.0,0.0,0.0
7,7,2022,2022-11-04,30.0,,0.0,0.0,0.0
7,7,2023,2023-11-19,30.0,0.0,0.0,0.0,0.0
7,7,2024,2024-10-12,30.0,10.0,30.0,5.0,20.0
7,8,2020,2020-09-19,20.0,0.0,0.0,0.0,0.0
7,8,2021,2021-11-05,20.0,0.0,0.0,0.0,0.0
7,8,2022,2022-11-04,20.0,0.0,0.0,0.0,0.0
7,8,2023,2023-11-20,30.0,0.0,0.0,0.0,0.0
7,8,2024,2024-10-18,20.0,30.0,50.0,10.0,20.0
7,9,2020,2020-09-19,20.0,0.0,0.0,0.0,0.0
7,9,2021,2021-10-30,30.0,,0.0,0.0,0.0
7,9,2022,2022-11-12,20.0,0.0,0.0,0.0,0.0
7,9,2023,2023-09-24,30.0,0.0,0.0,0.0,0.0
7,9,2024,2024-10-12,20.0,10.0,30.0,0.0,10.0
7,10,2020,2020-10-04,20.0,0.0,0.0,0.0,0.0
7,10,2021,2021-10-30,30.0,0.0,0.0,0.0,0.0
7,10,2022,2022-11-12,30.0,0.0,0.0,0.0,0.0
7,10,2023,2023-11-20,20.0,0.0,0.0,0.0,0.0
7,10,2024,2024-10-12,20.0,10.0,10.0,5.0,10.0
7,11,2020,2020-10-03,30.0,,0.0,0.0,0.0
7,11,2021,2021-10-29,50.0,0.0,0.0,0.0,0.0
7,11,2022,2022-11-11,30.0,0.0,0.0,0.0,0.0
7,11,2023,2023-10-11,40.0,0.0,0.0,0.0,0.0
7,11,2024,2024-10-15,30.0,40.0,50.0,20.0,30.0
7,12,2020,2020-10-03,40.0,,0.0,0.0,0.0
7,12,2021,2021-10-29,50.0,0.0,0.0,0.0,0.0
7,12,2022,2022-11-11,30.0,0.0,0.0,0.0,0.0
7,12,2023,2023-10-11,30.0,0.0,0.0,0.0,0.0
7,12,2024,2024-10-15,30.0,30.0,40.0,10.0,10.0
8,1,2022,2022-06-17,10.0,0.0,0.0,0.0,0.0
8,2,2022,2022-06-17,10.0,0.0,0.0,0.0,0.0
8,3,2022,2022-06-18,20.0,0.0,0.0,0.0,0.0
8,4,2022,2022-06-20,,0.0,0.0,0.0,0.0
8,5,2022,2022-06-18,,0.0,0.0,0.0,0.0
8,6,2022,2022-06-18,,0.0,0.0,0.0,0.0
8,7,2022,2022-06-20,10.0,0.0,0.0,0.0,0.0
8,8,2022,2022-06-18,,0.0,0.0,0.0,0.0
8,10,2022,2022-06-17,20.0,10.0,0.0,0.0,0.0
8,11,2022,2022-06-19,,0.0,0.0,1.0,0.0
8,12,2022,2022-06-19,,0.0,0.0,0.0,0.0
8,13,2022,2022-06-19,,0.0,0.0,0.0,0.0
8,14,2022,2022-06-19,,0.0,0.0,0.0,0.0
8,15,2022,2022-06-19,,0.0,0.0,0.0,0.0
8,17,2022,2022-06-18,20.0,50.0,50.0,1.0,1.0
8,18,2022,2022-06-18,,0.0,0.0,0.0,0.0
9,1,2020,2020-11-22,40.0,0.0,0.0,0.0,0.0
9,1,2021,2021-11-06,50.0,0.0,0.0,0.0,0.0
9,1,2022,2022-12-27,50.0,10.0,10.0,,
9,1,2023,2023-11-05,40.0,0.0,0.0,0.0,0.0
9,1,2024,2024-12-01,10.0,70.0,70.0,70.0,70.0
9,2,2020,2020-09-19,40.0,0.0,0.0,0.0,0.0
9,2,2021,2021-12-20,60.0,0.0,0.0,0.0,0.0
9,2,2022,2022-12-27,60.0,10.0,10.0,10.0,10.0
9,2,2023,2023-11-05,60.0,0.0,0.0,0.0,0.0
9,2,2024,2024-12-01,40.0,40.0,40.0,40.0,40.0
9,3,2020,2020-09-19,10.0,,,,
9,3,2021,2022-01-15,20.0,0.0,0.0,0.0,0.0
9,3,2022,2023-01-11,,90.0,100.0,90.0,100.0
9,3,2023,2023-11-23,,0.0,0.0,0.0,0.0
9,3,2024,2024-12-02,,60.0,90.0,60.0,90.0
9,4,2020,2020-12-19,40.0,0.0,0.0,0.0,0.0
9,4,2021,2021-11-13,50.0,0.0,0.0,0.0,0.0
9,4,2022,2023-01-21,50.0,,,,
9,4,2023,2023-11-19,40.0,0.0,0.0,0.0,0.0
9,4,2024,2024-12-21,40.0,,,,
9,5,2020,2020-10-04,10.0,10.0,20.0,0.0,0.0
9,5,2021,2021-12-29,10.0,0.0,0.0,0.0,0.0
9,5,2022,2023-01-10,,,,,
9,5,2023,2024-01-06,20.0,0.0,0.0,0.0,0.0
9,5,2024,2025-01-19,10.0,60.0,80.0,60.0,80.0
9,6,2020,2020-10-04,20.0,0.0,0.0,0.0,0.0
9,6,2021,2021-12-29,20.0,0.0,0.0,0.0,0.0
9,6,2022,2023-01-10,20.0,,10.0,,10.0
9,6,2023,2024-01-06,30.0,0.0,0.0,0.0,0.0
9,6,2024,2025-01-19,10.0,70.0,95.0,70.0,95.0
9,7,2020,2020-10-04,20.0,5.0,10.0,,
9,7,2021,2021-12-29,20.0,0.0,0.0,0.0,0.0
9,7,2022,2023-01-10,10.0,30.0,40.0,30.0,40.0
9,7,2023,2024-01-06,20.0,0.0,0.0,0.0,0.0
9,7,2024,2025-01-19,10.0,30.0,90.0,30.0,90.0
9,8,2020,2020-12-19,20.0,,0.0,0.0,0.0
9,8,2021,2022-01-15,30.0,0.0,0.0,0.0,0.0
9,8,2022,2022-11-23,20.0,20.0,60.0,10.0,60.0
9,8,2023,2023-11-19,30.0,0.0,0.0,0.0,0.0
9,8,2024,2024-12-21,30.0,,0.0,0.0,0.0
9,9,2020,2020-09-19,30.0,,,,
9,9,2022,2022-12-27,30.0,40.0,40.0,40.0,40.0
9,9,2023,2023-11-05,40.0,0.0,0.0,0.0,0.0
9,9,2024,2024-12-01,10.0,,,95.0,95.0
9,10,2020,2020-09-19,50.0,0.0,0.0,0.0,0.0
9,10,2022,2022-12-27,40.0,20.0,20.0,20.0,20.0
9,10,2023,2023-11-05,60.0,0.0,0.0,0.0,0.0
9,10,2024,2024-12-01,30.0,,,60.0,60.0
10,1,2020,2020-11-22,10.0,0.0,0.0,0.0,0.0
10,1,2021,2021-10-16,10.0,0.0,0.0,0.0,0.0
10,1,2022,2022-12-28,10.0,,,,
10,1,2023,2023-11-23,20.0,0.0,0.0,0.0,0.0
10,1,2024,2024-12-02,10.0,70.0,70.0,70.0,70.0
10,2,2020,2020-11-22,30.0,0.0,0.0,0.0,0.0
10,2,2021,2021-10-16,40.0,0.0,0.0,0.0,0.0
10,2,2022,2022-12-28,40.0,20.0,20.0,20.0,20.0
10,2,2023,2023-11-23,50.0,0.0,0.0,0.0,0.0
10,2,2024,2024-12-02,30.0,50.0,50.0,50.0,50.0
10,3,2020,2020-11-22,20.0,0.0,0.0,0.0,0.0
10,3,2021,2021-10-16,20.0,0.0,0.0,0.0,0.0
10,3,2022,2022-12-28,20.0,,,,
10,3,2023,2023-11-23,10.0,0.0,0.0,0.0,0.0
10,3,2024,2024-12-02,,90.0,95.0,90.0,95.0
10,4,2020,2020-11-22,10.0,0.0,0.0,0.0,0.0
10,4,2021,2021-10-16,20.0,0.0,0.0,0.0,0.0
10,4,2022,2022-12-28,30.0,,,,
10,4,2023,2023-11-23,30.0,0.0,0.0,0.0,0.0
10,4,2024,2024-12-02,10.0,60.0,60.0,60.0,60.0
11,1,2020,2020-10-05,10.0,0.0,0.0,0.0,0.0
11,1,2021,2021-09-22,10.0,0.0,0.0,0.0,0.0
11,1,2022,2022-09-15,5.0,30.0,70.0,,
11,1,2023,2023-09-06,,0.0,0.0,0.0,0.0
11,1,2024,2025-01-18,,0.0,0.0,0.0,0.0
11,2,2020,2020-10-05,30.0,0.0,0.0,0.0,0.0
11,2,2021,2021-09-22,30.0,0.0,0.0,0.0,0.0
11,2,2022,2022-09-15,30.0,70.0,100.0,,5.0
11,2,2023,2023-09-06,30.0,0.0,0.0,0.0,0.0
11,2,2024,2025-01-18,30.0,10.0,20.0,5.0,20.0
11,3,2020,2020-10-05,,0.0,0.0,0.0,0.0
11,3,2021,2021-09-22,2.5,0.0,0.0,0.0,0.0
11,3,2022,2022-09-15,,20.0,0.0,,0.0
11,3,2023,2023-09-06,,0.0,0.0,0.0,0.0
11,3,2024,2025-01-18,,0.0,0.0,0.0,0.0
11,4,2020,2020-10-05,,0.0,0.0,0.0,0.0
11,4,2021,2021-09-22,2.5,0.0,0.0,0.0,0.0
11,4,2022,2022-09-15,,30.0,80.0,,20.0
11,4,2023,2023-09-06,,0.0,0.0,0.0,0.0
11,4,2024,2025-01-18,,,0.0,,0.0
11,5,2020,2020-10-05,60.0,0.0,0.0,0.0,0.0
11,5,2021,2021-09-22,60.0,0.0,0.0,0.0,0.0
11,5,2022,2022-09-15,60.0,20.0,60.0,5.0,20.0
11,5,2023,2023-09-06,60.0,0.0,0.0,0.0,0.0
11,5,2024,2025-01-18,60.0,10.0,20.0,10.0,20.0
11,6,2020,2020-10-05,60.0,0.0,0.0,0.0,0.0
11,6,2021,2021-09-22,60.0,0.0,0.0,0.0,0.0
11,6,2022,2022-09-15,60.0,10.0,60.0,,20.0
11,6,2023,2023-09-06,60.0,0.0,0.0,0.0,0.0
11,6,2024,2025-01-18,60.0,,10.0,,10.0
11,7,2020,2020-10-05,30.0,0.0,0.0,0.0,0.0
11,7,2021,2021-09-22,40.0,0.0,0.0,0.0,0.0
11,7,2022,2022-09-15,40.0,30.0,60.0,,20.0
11,7,2023,2023-09-06,40.0,0.0,0.0,0.0,0.0
11,7,2024,2025-01-18,40.0,0.0,0.0,0.0,0.0
11,8,2020,2020-10-05,40.0,0.0,0.0,0.0,0.0
11,8,2021,2021-09-22,40.0,0.0,0.0,0.0,0.0
11,8,2022,2022-09-15,40.0,5.0,90.0,,30.0
11,8,2023,2023-09-06,40.0,0.0,0.0,0.0,0.0
11,8,2024,2025-01-18,40.0,0.0,0.0,0.0,0.0
11,9,2020,2020-10-05,10.0,0.0,0.0,0.0,0.0
11,9,2021,2021-09-22,10.0,0.0,0.0,0.0,0.0
11,9,2022,2022-09-16,20.0,30.0,50.0,,5.0
11,9,2023,2023-09-08,20.0,0.0,0.0,0.0,0.0
11,9,2024,2025-01-08,10.0,0.0,0.0,0.0,0.0
11,10,2020,2020-11-02,10.0,0.0,0.0,0.0,0.0
11,10,2021,2021-09-23,10.0,0.0,0.0,0.0,0.0
11,10,2022,2022-09-16,5.0,30.0,50.0,,5.0
11,10,2023,2023-09-08,10.0,0.0,0.0,0.0,0.0
11,10,2024,2025-01-08,10.0,0.0,0.0,0.0,0.0
11,11,2020,2020-11-02,,0.0,0.0,0.0,0.0
11,11,2021,2021-09-23,0.5,0.0,0.0,0.0,0.0
11,11,2022,2022-09-16,,20.0,100.0,,90.0
11,11,2023,2023-09-08,,0.0,0.0,0.0,0.0
11,11,2024,2025-01-08,,0.0,0.0,0.0,0.0
11,12,2020,2020-11-02,40.0,0.0,0.0,0.0,0.0
11,12,2021,2021-09-23,40.0,0.0,0.0,0.0,0.0
11,12,2022,2022-09-16,30.0,90.0,100.0,10.0,40.0
11,12,2023,2023-09-08,30.0,0.0,0.0,0.0,0.0
11,12,2024,2025-01-08,20.0,0.0,0.0,0.0,0.0
11,13,2020,2020-11-02,20.0,0.0,0.0,0.0,0.0
11,13,2021,2021-09-23,40.0,0.0,0.0,0.0,0.0
11,13,2022,2022-09-16,50.0,90.0,100.0,15.0,20.0
11,13,2023,2023-09-08,10.0,0.0,0.0,0.0,0.0
11,13,2024,2025-01-08,10.0,0.0,0.0,0.0,0.0
11,14,2020,2020-11-02,,0.0,0.0,0.0,0.0
11,14,2021,2021-09-23,10.0,0.0,0.0,0.0,0.0
11,14,2022,2022-09-16,5.0,70.0,100.0,5.0,70.0
11,14,2023,2023-09-08,,0.0,0.0,0.0,0.0
11,14,2024,2025-01-08,,0.0,0.0,0.0,0.0
11,15,2020,2020-11-02,,0.0,0.0,0.0,0.0
11,15,2021,2021-09-23,0.5,0.0,0.0,0.0,0.0
11,15,2022,2022-09-16,,70.0,,5.0,
11,15,2023,2023-09-08,,0.0,0.0,0.0,0.0
11,15,2024,2025-01-08,,0.0,0.0,0.0,0.0
11,16,2020,2020-11-02,20.0,0.0,0.0,0.0,0.0
11,16,2021,2021-09-23,20.0,0.0,0.0,0.0,0.0
11,16,2022,2022-09-16,20.0,80.0,100.0,10.0,50.0
11,16,2023,2023-09-08,10.0,0.0,0.0,0.0,0.0
11,16,2024,2025-01-08,20.0,0.0,0.0,0.0,0.0
11,17,2020,2020-11-02,70.0,0.0,0.0,0.0,0.0
11,17,2021,2021-09-23,70.0,0.0,0.0,0.0,0.0
11,17,2022,2022-09-16,70.0,40.0,50.0,,20.0
11,17,2023,2023-09-08,70.0,0.0,0.0,0.0,0.0
11,17,2024,2025-01-08,70.0,0.0,0.0,0.0,0.0
11,18,2020,2020-11-02,,0.0,0.0,0.0,0.0
11,18,2021,2021-09-23,10.0,0.0,0.0,0.0,0.0
11,18,2022,2022-09-16,10.0,80.0,90.0,10.0,40.0
11,18,2023,2023-09-08,10.0,0.0,0.0,0.0,0.0
11,18,2024,2025-01-08,,0.0,0.0,0.0,0.0
11,19,2020,2020-11-22,70.0,0.0,0.0,0.0,0.0
11,19,2021,2021-09-24,70.0,0.0,0.0,0.0,0.0
11,19,2022,2022-11-12,70.0,,50.0,,50.0
11,19,2023,2023-09-07,70.0,0.0,0.0,0.0,0.0
11,19,2024,2025-01-07,70.0,,0.0,,0.0
11,20,2020,2020-11-22,10.0,0.0,0.0,0.0,0.0
11,20,2021,2021-09-24,10.0,0.0,0.0,0.0,0.0
11,20,2022,2022-11-12,20.0,20.0,90.0,20.0,90.0
11,20,2023,2023-09-07,20.0,0.0,0.0,0.0,0.0
11,20,2024,2025-01-07,30.0,30.0,0.0,,0.0
11,21,2020,2020-11-22,10.0,0.0,0.0,,0.0
11,21,2021,2021-09-24,20.0,0.0,0.0,0.0,0.0
11,21,2022,2022-11-12,20.0,5.0,80.0,5.0,80.0
11,21,2023,2023-09-07,30.0,0.0,0.0,0.0,0.0
11,21,2024,2025-01-07,40.0,5.0,0.0,0.0,0.0
11,22,2020,2020-11-22,,0.0,0.0,0.0,0.0
11,22,2021,2021-09-24,2.5,0.0,0.0,0.0,0.0
11,22,2022,2022-11-12,,5.0,,5.0,
11,22,2023,2023-09-07,,0.0,0.0,0.0,0.0
11,22,2024,2025-01-07,,0.0,0.0,0.0,0.0
11,23,2020,2020-11-22,10.0,0.0,0.0,0.0,0.0
11,23,2021,2021-09-24,10.0,0.0,0.0,0.0,0.0
11,23,2022,2022-11-12,5.0,10.0,90.0,10.0,90.0
11,23,2023,2023-09-07,,0.0,0.0,0.0,0.0
11,23,2024,2025-01-07,,0.0,0.0,0.0,0.0
11,24,2020,2020-11-22,50.0,0.0,0.0,0.0,0.0
11,24,2021,2021-09-24,50.0,0.0,0.0,0.0,0.0
11,24,2022,2022-11-12,30.0,30.0,90.0,30.0,90.0
11,24,2023,2023-09-07,30.0,0.0,0.0,0.0,0.0
11,24,2024,2025-01-07,,0.0,0.0,0.0,0.0
11,25,2020,2020-11-22,20.0,0.0,0.0,0.0,0.0
11,25,2021,2021-09-24,20.0,0.0,0.0,0.0,0.0
11,25,2022,2022-11-12,20.0,20.0,,20.0,
11,25,2023,2023-09-07,20.0,0.0,0.0,0.0,0.0
11,25,2024,2025-01-07,10.0,0.0,0.0,0.0,0.0
11,26,2020,2020-11-22,10.0,0.0,0.0,0.0,0.0
11,26,2021,2021-09-24,20.0,0.0,0.0,0.0,0.0
11,26,2022,2022-11-12,,70.0,90.0,70.0,90.0
11,26,2023,2023-09-07,,0.0,0.0,0.0,0.0
11,26,2024,2025-01-07,,0.0,0.0,0.0,0.0
11,27,2020,2020-11-22,70.0,0.0,0.0,0.0,0.0
11,27,2021,2021-09-24,80.0,0.0,0.0,0.0,0.0
11,27,2022,2022-11-12,80.0,5.0,,,
11,27,2023,2023-09-07,80.0,0.0,0.0,0.0,0.0
11,27,2024,2025-01-07,80.0,20.0,0.0,,0.0
11,28,2020,2020-11-22,40.0,0.0,0.0,0.0,0.0
11,28,2021,2021-09-24,50.0,0.0,0.0,0.0,0.0
11,28,2022,2022-11-12,50.0,20.0,50.0,20.0,50.0
11,28,2023,2023-09-07,50.0,0.0,0.0,0.0,0.0
11,28,2024,2025-01-05,60.0,40.0,10.0,,
11,29,2020,2020-11-22,40.0,0.0,0.0,0.0,0.0
11,29,2021,2021-09-24,50.0,0.0,0.0,0.0,0.0
11,29,2022,2022-11-12,40.0,20.0,90.0,20.0,90.0
11,29,2023,2023-09-07,40.0,0.0,0.0,0.0,0.0
11,29,2024,2025-01-05,40.0,10.0,10.0,0.0,0.0
11,30,2020,2020-11-06,40.0,0.0,0.0,0.0,0.0
11,30,2021,2021-09-08,40.0,0.0,0.0,0.0,0.0
11,30,2022,2022-10-09,20.0,70.0,,60.0,
11,30,2023,2023-09-30,20.0,0.0,0.0,0.0,0.0
11,30,2024,2025-01-05,30.0,40.0,30.0,,
11,31,2020,2020-11-06,60.0,0.0,0.0,0.0,0.0
11,31,2021,2021-09-08,70.0,0.0,0.0,0.0,0.0
11,31,2022,2022-10-09,50.0,70.0,,60.0,
11,31,2023,2023-09-30,30.0,0.0,0.0,0.0,0.0
11,31,2024,2025-01-05,40.0,60.0,10.0,,
11,32,2020,2020-11-06,20.0,0.0,0.0,0.0,0.0
11,32,2021,2021-09-08,30.0,0.0,0.0,0.0,0.0
11,32,2022,2022-10-09,30.0,10.0,10.0,10.0,10.0
11,32,2023,2023-09-30,30.0,0.0,0.0,0.0,0.0
11,32,2024,2025-01-05,20.0,0.0,0.0,0.0,0.0
11,33,2020,2020-11-06,20.0,0.0,0.0,0.0,0.0
11,33,2021,2021-09-08,30.0,0.0,0.0,0.0,0.0
11,33,2022,2022-10-09,20.0,80.0,80.0,60.0,70.0
11,33,2023,2023-11-22,20.0,0.0,0.0,0.0,0.0
11,33,2024,2025-01-05,20.0,0.0,0.0,0.0,0.0
12,1,2020,2020-11-06,,0.0,0.0,0.0,0.0
12,1,2021,2021-09-08,0.5,0.0,0.0,0.0,0.0
12,1,2022,2022-10-09,,20.0,,10.0,
12,1,2023,2023-11-22,,0.0,0.0,0.0,0.0
12,1,2024,2025-01-05,,0.0,0.0,0.0,0.0
12,2,2020,2020-11-06,10.0,0.0,0.0,0.0,0.0
12,2,2021,2021-09-08,10.0,0.0,0.0,0.0,0.0
12,2,2022,2022-10-09,5.0,50.0,70.0,30.0,60.0
12,2,2023,2023-11-22,10.0,0.0,0.0,0.0,0.0
12,2,2024,2025-01-05,30.0,0.0,0.0,0.0,0.0
12,3,2020,2020-11-06,10.0,0.0,0.0,0.0,0.0
12,3,2021,2021-09-08,20.0,0.0,0.0,0.0,0.0
12,3,2022,2022-10-09,10.0,60.0,70.0,60.0,70.0
12,3,2023,2023-11-22,20.0,0.0,0.0,0.0,0.0
12,3,2024,2025-01-05,30.0,0.0,0.0,0.0,0.0
12,4,2020,2020-11-06,,0.0,0.0,0.0,0.0
12,4,2021,2021-09-08,2.5,0.0,0.0,0.0,0.0
12,4,2022,2022-10-09,,50.0,50.0,50.0,50.0
12,4,2023,2023-11-22,,0.0,0.0,0.0,0.0
12,4,2024,2024-12-25,,0.0,0.0,0.0,0.0
12,5,2020,2020-11-06,60.0,0.0,0.0,0.0,0.0
12,5,2021,2021-09-08,80.0,0.0,0.0,0.0,0.0
12,5,2022,2022-10-09,,,,,
12,5,2023,2023-11-22,,0.0,0.0,0.0,0.0
12,5,2024,2024-12-25,,0.0,0.0,0.0,0.0
12,6,2020,2020-11-06,,0.0,0.0,0.0,0.0
12,6,2021,2021-09-08,10.0,0.0,0.0,0.0,0.0
12,6,2022,2022-10-09,,20.0,0.0,20.0,0.0
12,6,2023,2023-11-22,,0.0,0.0,0.0,0.0
12,6,2024,2024-12-25,,0.0,0.0,0.0,0.0
12,7,2020,2020-11-17,,0.0,0.0,0.0,0.0
12,7,2021,2021-09-07,2.5,0.0,0.0,0.0,0.0
12,7,2022,2022-10-22,,50.0,80.0,50.0,80.0
12,7,2023,2023-11-23,,0.0,0.0,0.0,0.0
12,7,2024,2024-12-05,,0.0,0.0,0.0,0.0
12,8,2020,2020-11-17,40.0,0.0,0.0,0.0,0.0
12,8,2021,2021-09-07,50.0,0.0,0.0,0.0,0.0
12,8,2022,2022-10-22,,90.0,90.0,90.0,90.0
12,8,2023,2023-11-23,10.0,0.0,0.0,0.0,0.0
12,8,2024,2024-12-05,20.0,0.0,0.0,0.0,0.0
12,9,2020,2020-11-17,10.0,0.0,0.0,0.0,0.0
12,9,2021,2021-09-07,10.0,0.0,0.0,0.0,0.0
12,9,2022,2022-10-22,10.0,50.0,80.0,50.0,70.0
12,9,2023,2023-11-23,20.0,0.0,0.0,0.0,0.0
12,9,2024,2024-12-05,30.0,0.0,0.0,0.0,0.0
12,10,2020,2020-11-17,20.0,0.0,0.0,0.0,0.0
12,10,2021,2021-09-07,30.0,0.0,0.0,0.0,0.0
12,10,2022,2022-10-22,20.0,20.0,50.0,20.0,50.0
12,10,2023,2023-11-23,40.0,0.0,0.0,0.0,0.0
12,10,2024,2024-12-05,40.0,0.0,0.0,0.0,
12,11,2020,2020-11-17,30.0,0.0,0.0,0.0,0.0
12,11,2021,2021-09-07,30.0,0.0,0.0,0.0,0.0
12,11,2022,2022-10-22,20.0,70.0,70.0,70.0,70.0
12,11,2023,2023-11-23,40.0,0.0,0.0,0.0,0.0
12,11,2024,2024-12-05,70.0,0.0,0.0,0.0,0.0
12,12,2020,2020-11-17,70.0,0.0,0.0,0.0,0.0
12,12,2021,2021-09-07,80.0,0.0,0.0,0.0,0.0
12,12,2022,2022-10-22,,,,,
12,12,2023,2023-11-23,,0.0,0.0,0.0,0.0
12,12,2024,2024-12-05,,,0.0,0.0,0.0
12,13,2020,2020-11-17,70.0,0.0,0.0,0.0,0.0
12,13,2021,2021-09-07,70.0,0.0,0.0,0.0,0.0
12,13,2022,2022-10-22,,,,,
12,13,2023,2023-11-23,,0.0,0.0,0.0,0.0
12,13,2024,2024-12-05,,5.0,0.0,0.0,0.0
12,14,2020,2020-11-17,40.0,0.0,0.0,0.0,0.0
12,14,2021,2021-09-07,60.0,0.0,0.0,0.0,0.0
12,14,2022,2022-10-22,5.0,80.0,,70.0,90.0
12,14,2023,2023-11-23,,0.0,0.0,0.0,0.0
12,14,2024,2024-12-05,10.0,5.0,0.0,0.0,0.0
12,15,2020,2020-11-17,70.0,0.0,0.0,0.0,0.0
12,15,2021,2021-09-03,80.0,0.0,0.0,0.0,0.0
12,15,2022,2022-10-22,10.0,90.0,90.0,80.0,90.0
12,15,2023,2023-11-23,10.0,0.0,0.0,0.0,0.0
12,15,2024,2024-10-18,20.0,10.0,10.0,,
12,16,2020,2020-12-07,60.0,0.0,0.0,0.0,0.0
12,16,2021,2021-09-29,70.0,0.0,0.0,0.0,0.0
12,16,2022,2022-11-08,20.0,70.0,,70.0,
12,16,2023,2023-10-05,30.0,0.0,0.0,0.0,0.0
12,16,2024,2025-01-05,50.0,10.0,,0.0,0.0
12,17,2020,2020-11-07,50.0,0.0,0.0,0.0,0.0
12,17,2021,2021-09-03,50.0,0.0,0.0,0.0,0.0
12,17,2022,2022-11-10,30.0,60.0,80.0,60.0,80.0
12,17,2023,2023-09-19,20.0,0.0,0.0,0.0,0.0
12,17,2024,2024-10-18,30.0,20.0,30.0,,
12,18,2020,2020-11-15,60.0,0.0,0.0,0.0,0.0
12,18,2021,2021-09-09,60.0,0.0,0.0,0.0,0.0
12,18,2022,2022-11-10,20.0,60.0,90.0,60.0,90.0
12,18,2023,2023-10-16,20.0,0.0,0.0,0.0,0.0
12,18,2024,2024-12-06,30.0,5.0,0.0,5.0,0.0
12,19,2020,2020-11-15,30.0,0.0,0.0,0.0,0.0
12,19,2021,2021-09-09,40.0,0.0,0.0,0.0,0.0
12,19,2022,2022-11-10,20.0,50.0,40.0,50.0,40.0
12,19,2023,2023-10-16,20.0,0.0,0.0,0.0,0.0
12,19,2024,2024-12-06,30.0,0.0,0.0,0.0,0.0
12,20,2020,2020-11-15,50.0,0.0,0.0,0.0,0.0
12,20,2021,2021-09-09,30.0,0.0,0.0,0.0,0.0
12,20,2022,2022-11-10,30.0,10.0,20.0,10.0,20.0
12,20,2023,2023-10-16,40.0,0.0,0.0,0.0,0.0
12,20,2024,2024-12-06,30.0,0.0,0.0,0.0,0.0
12,21,2020,2020-11-15,50.0,0.0,0.0,0.0,0.0
12,21,2021,2021-09-09,10.0,0.0,0.0,0.0,0.0
12,21,2022,2022-11-10,10.0,70.0,80.0,70.0,80.0
12,21,2023,2023-10-16,20.0,0.0,0.0,0.0,0.0
12,21,2024,2024-12-06,40.0,,,,
12,22,2020,2020-11-15,10.0,0.0,0.0,0.0,0.0
12,22,2021,2021-09-09,10.0,0.0,0.0,0.0,0.0
12,22,2022,2022-11-10,10.0,60.0,80.0,60.0,80.0
12,22,2023,2023-10-16,20.0,0.0,0.0,0.0,0.0
12,22,2024,2024-12-06,40.0,,,,
12,23,2020,2020-11-15,,0.0,0.0,0.0,0.0
12,23,2021,2021-09-09,0.5,0.0,0.0,0.0,0.0
12,23,2022,2022-11-10,,5.0,10.0,5.0,10.0
12,23,2023,2023-10-16,,0.0,0.0,0.0,0.0
12,23,2024,2024-12-06,,0.0,0.0,0.0,0.0
12,24,2020,2020-11-15,60.0,0.0,0.0,0.0,0.0
12,24,2021,2021-09-09,60.0,0.0,0.0,0.0,0.0
12,24,2022,2022-11-03,50.0,10.0,30.0,10.0,30.0
12,24,2023,2023-10-16,50.0,0.0,0.0,0.0,0.0
12,24,2024,2024-12-06,50.0,,10.0,,10.0
12,25,2020,2020-11-15,30.0,0.0,0.0,0.0,0.0
12,25,2021,2021-09-09,40.0,0.0,0.0,0.0,0.0
12,25,2022,2022-11-03,20.0,70.0,70.0,70.0,70.0
12,25,2023,2023-10-16,20.0,0.0,0.0,0.0,0.0
12,25,2024,2024-12-06,40.0,0.0,0.0,0.0,0.0
12,26,2020,2020-11-15,,0.0,0.0,0.0,0.0
12,26,2021,2021-09-09,0.5,0.0,0.0,0.0,0.0
12,26,2022,2022-11-03,,10.0,10.0,10.0,10.0
12,26,2023,2023-10-16,,0.0,0.0,0.0,0.0
12,26,2024,2024-12-06,,0.0,0.0,0.0,0.0
12,27,2020,2020-11-07,60.0,0.0,0.0,0.0,0.0
12,27,2021,2021-09-02,60.0,0.0,0.0,0.0,0.0
12,27,2022,2022-11-11,20.0,70.0,70.0,70.0,70.0
12,27,2023,2023-09-15,30.0,0.0,0.0,0.0,0.0
12,27,2024,2024-12-11,50.0,0.0,0.0,0.0,0.0
12,28,2020,2020-11-07,70.0,0.0,0.0,0.0,0.0
12,28,2021,2021-09-03,70.0,0.0,0.0,0.0,0.0
12,28,2022,2022-11-11,,,,,
12,28,2023,2023-09-15,,0.0,0.0,0.0,0.0
12,28,2024,2024-12-11,,0.0,0.0,0.0,0.0
12,29,2020,2021-01-25,40.0,0.0,0.0,0.0,0.0
12,29,2021,2021-09-02,50.0,0.0,0.0,0.0,0.0
12,29,2022,2022-11-11,5.0,90.0,90.0,90.0,90.0
12,29,2023,2023-09-15,,0.0,0.0,0.0,0.0
12,29,2024,2024-12-11,20.0,0.0,0.0,0.0,0.0
12,30,2020,2021-01-25,30.0,0.0,0.0,0.0,0.0
12,30,2021,2021-09-03,40.0,0.0,0.0,0.0,0.0
12,30,2022,2022-11-11,5.0,90.0,90.0,90.0,90.0
12,30,2023,2023-09-15,,0.0,0.0,0.0,0.0
12,30,2024,2024-12-11,20.0,0.0,0.0,0.0,0.0
12,31,2020,2021-01-25,50.0,0.0,0.0,0.0,0.0
12,31,2021,2021-09-02,50.0,0.0,0.0,0.0,0.0
12,31,2022,2022-11-11,10.0,90.0,90.0,90.0,90.0
12,31,2023,2023-09-15,,0.0,0.0,0.0,0.0
12,31,2024,2024-12-11,10.0,0.0,0.0,0.0,0.0
12,32,2020,2021-01-25,20.0,0.0,0.0,0.0,0.0
12,32,2021,2021-09-02,30.0,0.0,0.0,0.0,0.0
12,32,2022,2022-11-11,10.0,70.0,90.0,70.0,90.0
12,32,2023,2023-09-15,,0.0,0.0,0.0,0.0
12,32,2024,2024-12-11,10.0,,0.0,0.0,0.0
12,33,2020,2020-12-23,60.0,0.0,0.0,0.0,0.0
12,33,2021,2021-09-02,70.0,0.0,0.0,0.0,0.0
12,33,2022,2022-11-11,5.0,90.0,90.0,90.0,90.0
12,33,2023,2023-09-15,,0.0,0.0,0.0,0.0
12,33,2024,2024-12-11,,,0.0,0.0,0.0
12,34,2020,2020-12-23,20.0,0.0,0.0,0.0,0.0
12,34,2021,2021-09-02,20.0,0.0,0.0,0.0,0.0
12,34,2022,2022-11-09,10.0,60.0,90.0,60.0,90.0
12,34,2023,2023-09-15,10.0,0.0,0.0,0.0,0.0
12,34,2024,2024-12-11,10.0,5.0,0.0,0.0,0.0
12,35,2020,2020-11-21,20.0,0.0,0.0,0.0,0.0
12,35,2021,2021-09-02,20.0,0.0,0.0,0.0,0.0
12,35,2022,2022-11-09,10.0,50.0,70.0,50.0,70.0
12,35,2023,2023-09-14,10.0,0.0,0.0,0.0,0.0
12,35,2024,2024-10-17,,60.0,70.0,60.0,70.0
12,36,2020,2020-12-23,30.0,0.0,0.0,0.0,0.0
12,36,2021,2021-09-01,30.0,0.0,0.0,0.0,0.0
12,36,2022,2022-11-09,20.0,20.0,50.0,20.0,50.0
12,36,2023,2023-09-14,30.0,0.0,0.0,0.0,0.0
12,36,2024,2024-10-17,20.0,20.0,5.0,20.0,5.0
12,37,2020,2020-11-21,10.0,0.0,0.0,0.0,0.0
12,37,2021,2021-09-01,10.0,0.0,0.0,0.0,0.0
12,37,2022,2022-11-09,5.0,40.0,80.0,40.0,80.0
12,37,2023,2023-09-14,10.0,0.0,0.0,0.0,0.0
12,37,2024,2024-10-17,20.0,10.0,5.0,5.0,5.0
12,38,2020,2020-12-17,10.0,0.0,0.0,0.0,0.0
12,38,2021,2021-09-01,10.0,0.0,0.0,0.0,0.0
12,38,2022,2022-11-09,5.0,90.0,90.0,90.0,90.0
12,38,2023,2023-09-14,,0.0,0.0,0.0,0.0
12,38,2024,2024-10-17,20.0,30.0,30.0,,
12,39,2020,2020-12-17,10.0,0.0,0.0,0.0,0.0
12,39,2021,2021-09-01,20.0,0.0,0.0,0.0,0.0
12,39,2022,2022-11-09,5.0,60.0,90.0,50.0,90.0
12,39,2023,2023-09-14,,0.0,0.0,0.0,0.0
12,39,2024,2024-10-17,10.0,10.0,,,
12,40,2020,2020-12-17,70.0,0.0,0.0,0.0,0.0
12,40,2021,2021-09-01,70.0,0.0,0.0,0.0,0.0
12,40,2022,2022-11-09,70.0,10.0,80.0,10.0,80.0
12,40,2023,2023-09-14,70.0,0.0,0.0,0.0,0.0
12,40,2024,2024-10-17,60.0,5.0,5.0,,5.0
12,41,2020,2020-11-21,20.0,0.0,0.0,0.0,0.0
12,41,2021,2021-09-01,20.0,0.0,0.0,0.0,0.0
12,41,2022,2022-11-09,10.0,60.0,80.0,40.0,80.0
12,41,2023,2023-09-14,20.0,0.0,0.0,0.0,0.0
12,41,2024,2024-10-17,20.0,10.0,5.0,5.0,5.0
12,42,2020,2020-11-21,20.0,0.0,0.0,0.0,0.0
12,42,2021,2021-09-01,20.0,0.0,0.0,0.0,0.0
12,42,2022,2022-11-09,20.0,50.0,,,
12,42,2023,2023-09-14,30.0,0.0,0.0,0.0,0.0
12,42,2024,2024-10-17,30.0,,,,
12,43,2020,2020-11-06,,0.0,0.0,0.0,0.0
12,43,2021,2020-11-06,10.0,0.0,0.0,0.0,0.0
12,43,2022,2022-10-09,,30.0,40.0,30.0,40.0
12,43,2023,2023-11-22,20.0,0.0,0.0,0.0,0.0
12,43,2024,2024-12-25,40.0,0.0,0.0,0.0,0.0
12,44,2020,2020-11-06,70.0,0.0,0.0,0.0,0.0
12,44,2021,2021-09-07,70.0,0.0,0.0,0.0,0.0
12,44,2022,2022-10-09,20.0,90.0,90.0,80.0,80.0
12,44,2023,2023-11-22,10.0,0.0,0.0,0.0,0.0
12,44,2024,2024-12-05,10.0,0.0,0.0,0.0,0.0
13,27,2020,2020-11-15,10.0,22.0,22.5,1.0,0.5
13,27,2021,2021-10-23,10.0,70.0,67.5,1.0,1.5
13,27,2022,2022-11-10,10.0,85.0,77.5,30.0,35.0
13,27,2023,2023-11-14,20.0,47.5,42.5,0.0,0.0
13,27,2024,2024-10-22,30.0,70.0,62.5,7.5,5.0
13,28,2020,2020-11-15,50.0,36.5,26.5,1.5,1.5
13,28,2021,2021-10-23,50.0,60.5,60.0,0.0,0.0
13,28,2022,2022-11-10,40.0,90.0,86.0,35.0,35.0
13,28,2023,2023-11-14,40.0,35.0,40.0,0.0,0.0
13,28,2024,2024-10-22,40.0,77.5,67.5,7.5,7.5
13,31,2020,2020-11-15,70.0,29.5,31.0,2.0,3.5
13,31,2021,2021-10-23,60.0,68.5,72.5,1.5,1.5
13,31,2022,2022-11-10,60.0,75.0,70.0,20.0,27.5
13,31,2023,2023-11-14,60.0,30.0,32.0,0.5,1.0
13,31,2024,2024-10-22,70.0,50.0,47.5,5.0,5.0
13,32,2020,2020-11-15,,12.5,7.5,0.0,0.0
13,32,2021,2021-10-23,2.5,60.0,70.0,0.0,0.0
13,32,2022,2022-11-10,,97.5,100.0,0.0,0.0
13,32,2023,2023-11-14,,25.0,32.5,0.0,0.0
13,32,2024,2024-10-22,,62.5,55.0,0.0,0.0
13,35,2020,2020-11-06,60.0,27.5,32.0,0.0,0.5
13,35,2021,2021-10-29,60.0,46.0,48.0,1.0,1.0
13,35,2022,2022-10-24,30.0,97.5,97.5,50.0,65.0
13,35,2023,2023-11-05,20.0,32.5,27.5,0.0,0.0
13,35,2024,2024-10-27,20.0,87.5,90.0,35.0,42.5
13,36,2020,2020-11-08,60.0,22.5,23.5,1.0,1.0
13,36,2021,2021-10-29,70.0,50.0,46.0,1.0,1.0
13,36,2022,2022-10-23,40.0,85.0,95.0,35.0,42.5
13,36,2023,2023-11-05,50.0,27.5,22.5,0.0,0.0
13,36,2024,2024-10-27,30.0,85.0,97.5,35.0,55.0
13,42,2020,2020-11-13,20.0,52.5,40.0,1.0,1.5
13,42,2021,2021-11-14,30.0,80.0,75.0,1.0,1.0
13,42,2022,2022-10-24,20.0,92.5,95.0,30.0,35.0
13,42,2023,2023-11-14,20.0,47.5,58.5,0.0,1.0
13,42,2024,2024-11-19,20.0,82.5,85.0,15.0,20.0
13,43,2020,2020-11-13,20.0,45.0,45.0,1.5,1.5
13,43,2021,2021-11-14,20.0,72.5,70.0,1.0,1.0
13,43,2022,2022-10-24,20.0,87.5,92.5,22.5,35.0
13,43,2023,2023-11-20,20.0,40.0,57.5,0.0,0.0
13,43,2024,2024-11-19,20.0,77.5,90.0,20.0,30.0
13,44,2020,2020-11-13,10.0,39.5,42.0,1.0,1.0
13,44,2021,2021-11-15,10.0,40.5,50.5,1.0,2.5
13,44,2022,2022-11-10,10.0,90.0,85.0,20.0,37.5
13,44,2023,2023-11-20,10.0,42.5,50.0,0.0,0.5
13,44,2024,2024-11-19,,82.5,92.5,20.0,25.0
13,49,2020,2020-11-08,10.0,29.0,24.5,2.5,3.0
13,49,2021,2021-11-01,10.0,25.0,25.5,1.0,1.5
13,49,2022,2022-11-10,20.0,90.0,86.0,35.0,42.5
13,49,2023,2023-11-05,20.0,25.0,15.0,0.0,0.0
13,49,2024,2024-10-17,20.0,92.5,90.0,12.5,17.5
13,50,2020,2020-11-07,40.0,15.25,17.75,0.75,0.75
13,50,2021,2021-10-31,30.0,28.0,20.0,3.5,3.5
13,50,2022,2022-10-22,20.0,92.5,95.0,37.5,45.0
13,50,2023,2023-11-05,10.0,22.5,27.5,0.0,0.0
13,50,2024,2024-10-17,,92.5,100.0,17.5,32.5
13,51,2020,2020-11-18,10.0,23.5,20.5,0.5,0.5
13,51,2021,2021-11-13,20.0,43.0,31.5,1.0,1.0
13,51,2022,2022-11-16,20.0,82.5,82.5,22.5,32.5
13,51,2023,2023-11-10,40.0,25.0,12.5,0.0,0.0
13,51,2024,2024-10-25,40.0,95.0,95.0,30.0,32.5
13,52,2020,2020-11-18,20.0,30.0,22.5,1.0,1.0
13,52,2021,2021-11-13,20.0,46.0,35.5,1.0,1.0
13,52,2022,2022-11-16,20.0,87.5,87.5,32.5,52.5
13,52,2023,2023-11-10,30.0,30.0,15.0,0.0,0.0
13,52,2024,2024-10-25,40.0,90.0,85.0,22.5,20.0
13,53,2020,2020-11-18,20.0,35.0,32.0,1.0,1.0
13,53,2021,2021-11-13,20.0,39.0,35.0,1.0,1.5
13,53,2022,2022-11-16,20.0,75.0,75.0,15.0,15.0
13,53,2023,2023-11-10,20.0,33.5,21.5,1.0,1.5
13,53,2024,2024-10-25,40.0,82.5,85.0,17.5,15.0
13,62,2020,2020-11-06,50.0,25.5,25.0,1.5,2.0
13,62,2021,2021-10-29,60.0,38.5,46.0,1.5,1.5
13,62,2022,2022-10-23,40.0,97.5,97.5,37.5,47.5
13,62,2023,2023-11-06,40.0,30.0,22.5,0.5,0.0
13,62,2024,2024-10-27,30.0,99.0,100.0,70.0,67.5
13,63,2020,2020-11-06,50.0,24.5,29.5,2.0,2.5
13,63,2021,2021-10-29,50.0,40.0,37.5,1.0,1.0
13,63,2022,2022-10-23,20.0,95.0,97.5,45.0,65.0
13,63,2023,2023-11-06,30.0,32.5,37.5,0.5,0.5
13,63,2024,2024-10-27,20.0,100.0,97.5,70.0,67.5
13,64,2020,2020-11-06,50.0,20.5,21.0,5.0,3.5
13,64,2021,2021-10-29,50.0,42.5,42.5,1.5,2.0
13,64,2022,2022-10-23,40.0,90.0,90.0,20.0,17.5
13,64,2023,2023-11-06,40.0,25.0,20.0,0.0,0.0
13,64,2024,2024-10-27,20.0,100.0,100.0,80.0,75.0
13,65,2020,2020-11-06,60.0,23.5,28.5,1.0,1.0
13,65,2021,2021-10-30,70.0,60.5,56.0,2.0,3.5
13,65,2022,2022-10-23,60.0,95.0,97.5,15.0,17.5
13,65,2023,2023-11-05,60.0,25.0,22.5,0.0,0.0
13,65,2024,2024-10-17,50.0,96.5,97.5,32.5,27.5
13,67,2020,2020-11-13,20.0,52.5,47.5,1.0,1.0
13,67,2021,2021-10-23,30.0,55.0,62.5,1.0,1.0
13,67,2022,2022-10-24,20.0,97.5,92.5,22.5,27.5
13,67,2023,2023-11-20,20.0,52.5,65.0,0.0,0.0
13,67,2024,2024-10-22,30.0,87.5,87.5,22.5,17.5
13,68,2020,2020-11-15,30.0,27.5,22.5,1.0,1.0
13,68,2021,2021-11-15,20.0,59.5,53.5,1.5,2.0
13,68,2022,2022-11-10,20.0,97.5,95.0,27.5,47.5
13,68,2023,2023-11-20,20.0,52.5,52.5,0.0,0.0
13,68,2024,2024-11-19,20.0,72.5,75.0,15.0,20.0
13,71,2020,2020-10-28,70.0,20.0,15.0,1.5,1.5
13,71,2021,2021-10-31,70.0,24.0,18.0,1.0,1.0
13,71,2022,2022-10-22,70.0,77.5,67.5,10.0,10.0
13,71,2023,2023-11-05,60.0,20.0,17.5,0.0,0.0
13,72,2020,2020-10-28,50.0,25.0,18.5,1.0,1.0
13,72,2021,2021-10-31,50.0,24.0,15.5,1.0,1.0
13,72,2022,2022-10-22,40.0,80.0,77.5,12.5,15.0
13,72,2023,2023-11-05,30.0,22.5,15.0,0.0,0.0
13,72,2024,2024-10-17,50.0,82.5,80.0,5.0,5.0
13,73,2020,2020-10-28,40.0,21.0,12.5,1.0,1.0
13,73,2021,2021-10-31,40.0,31.0,23.0,1.0,1.0
13,73,2022,2022-10-22,40.0,77.5,75.0,15.0,17.5
13,73,2023,2023-11-04,40.0,15.0,12.5,0.0,0.0
13,73,2024,2024-10-17,50.0,75.0,75.0,7.5,7.5
13,74,2020,2020-10-28,40.0,23.0,17.0,1.5,1.5
13,74,2021,2021-10-31,40.0,23.0,15.5,1.0,1.0
13,74,2022,2022-10-22,30.0,80.0,80.0,20.0,22.5
13,74,2023,2023-11-05,40.0,22.5,15.0,0.0,0.0
13,74,2024,2024-10-17,50.0,80.0,75.0,10.0,5.0
13,75,2020,2020-11-07,50.0,24.0,15.5,1.0,2.0
13,75,2021,2021-10-30,40.0,34.5,30.0,1.5,2.0
13,75,2022,2022-10-23,40.0,70.0,70.0,10.0,7.5
13,75,2023,2023-11-05,40.0,12.5,15.0,0.0,0.0
13,75,2024,2024-10-17,40.0,70.0,80.0,15.0,15.0
13,110,2020,2020-11-15,10.0,22.0,19.5,1.0,1.0
13,110,2021,2021-10-23,10.0,67.5,72.5,1.5,2.0
13,110,2022,2022-11-10,10.0,82.5,89.5,30.0,55.0
13,110,2023,2023-11-14,,32.5,42.5,0.0,0.5
13,110,2024,2024-10-22,,82.5,72.5,7.5,2.5
13,112,2020,2020-11-13,30.0,40.0,30.0,1.0,1.0
13,112,2021,2021-11-14,30.0,56.0,50.5,1.0,1.0
13,112,2022,2022-11-10,30.0,75.0,85.0,22.5,30.0
13,112,2023,2023-11-21,30.0,35.5,37.5,0.5,0.0
13,112,2024,2024-11-05,20.0,80.0,95.0,25.0,55.0
13,116,2020,2020-10-28,40.0,29.0,28.0,6.0,7.0
13,116,2021,2021-10-31,60.0,30.5,23.0,1.0,1.0
13,116,2022,2022-10-22,30.0,87.5,90.0,30.0,35.0
13,116,2023,2023-11-04,40.0,17.5,12.5,0.0,0.0
13,116,2024,2024-10-17,50.0,85.0,87.5,17.5,15.0
14,46,2020,2020-11-01,,62.5,55.0,1.5,1.0
14,46,2021,2021-11-01,10.0,77.5,77.5,1.5,1.0
14,46,2022,2022-11-14,10.0,92.5,97.5,50.0,70.0
14,46,2023,2023-11-22,,37.5,40.0,0.0,0.0
14,46,2024,2024-11-05,,95.0,100.0,45.0,55.0
14,47,2020,2020-11-13,,67.5,37.5,1.0,1.0
14,47,2021,2021-11-01,10.0,86.0,86.0,1.0,1.0
14,47,2022,2022-11-14,,80.0,90.0,22.5,57.5
14,47,2023,2023-11-20,,42.5,32.5,0.0,0.0
14,47,2024,2024-11-05,,87.5,80.0,22.5,25.0
14,54,2020,2020-11-18,10.0,40.0,20.0,1.0,1.0
14,54,2021,2021-11-13,10.0,48.5,56.0,1.0,1.0
14,54,2022,2022-11-04,10.0,92.5,92.5,15.0,22.5
14,54,2023,2023-11-11,,67.5,72.5,0.0,0.0
14,54,2024,2024-10-25,,87.5,95.0,22.5,20.0
14,76,2020,2020-11-18,10.0,27.5,27.5,1.0,1.0
14,76,2021,2021-11-13,10.0,56.5,43.0,1.0,0.5
14,76,2022,2022-11-17,10.0,85.0,97.5,25.0,45.0
14,76,2023,2023-11-11,10.0,55.0,42.5,0.0,0.0
14,76,2024,2024-10-25,,90.0,85.0,30.0,15.0
14,77,2020,2020-11-16,,72.5,67.0,1.0,1.0
14,77,2021,2021-11-03,10.0,76.5,72.5,1.0,1.0
14,77,2022,2022-10-25,10.0,87.5,90.0,25.0,20.0
14,77,2023,2023-11-12,,77.5,65.0,0.0,0.0
14,77,2024,2024-11-03,,87.5,85.0,27.5,15.0
14,78,2020,2020-11-12,,70.0,72.5,1.0,1.0
14,78,2021,2021-11-03,2.5,46.0,40.0,1.0,1.0
14,78,2022,2022-10-25,,97.5,95.0,22.5,30.0
14,78,2023,2023-11-06,,37.5,22.5,0.0,0.0
14,78,2024,2024-11-03,,100.0,100.0,35.0,55.0
14,79,2020,2020-10-30,,75.0,77.5,2.5,2.5
14,79,2021,2021-11-03,2.5,41.0,40.5,1.0,1.0
14,79,2022,2022-11-04,,92.5,90.0,17.5,22.5
14,79,2023,2023-11-06,,30.0,27.5,0.0,0.0
14,79,2024,2024-11-03,,100.0,100.0,62.5,52.5
14,80,2020,2020-11-12,10.0,74.0,65.0,1.5,0.5
14,80,2021,2021-11-03,10.0,70.0,68.5,1.0,1.0
14,80,2022,2022-10-25,10.0,90.0,95.0,15.0,30.0
14,80,2023,2023-11-12,20.0,50.0,42.5,0.0,0.0
14,80,2024,2024-11-05,,100.0,100.0,47.5,72.5
14,81,2020,2020-11-12,,42.5,50.0,1.0,1.0
14,81,2021,2021-11-03,2.5,53.5,54.0,1.0,1.0
14,81,2022,2022-10-25,,90.0,95.0,25.0,50.0
14,81,2023,2023-11-12,,52.5,67.5,0.0,0.0
14,81,2024,2024-11-05,,87.5,97.5,27.5,47.5
14,82,2020,2020-11-12,20.0,40.0,32.0,1.0,1.0
14,82,2021,2021-11-01,20.0,54.0,31.5,1.5,1.0
14,82,2022,2022-10-25,10.0,92.5,95.0,17.5,22.5
14,82,2023,2023-11-12,30.0,47.5,47.5,0.0,0.5
14,82,2024,2024-11-21,,99.0,100.0,72.0,93.5
14,83,2020,2020-11-12,,64.5,60.0,1.0,0.5
14,83,2021,2021-11-01,2.5,40.0,28.5,1.0,1.0
14,83,2022,2022-10-25,,95.0,95.0,40.0,52.5
14,83,2023,2023-11-12,,62.5,56.0,1.0,2.5
14,83,2024,2024-11-03,,100.0,100.0,65.0,87.5
14,84,2020,2020-10-30,20.0,70.0,69.5,1.5,2.5
14,84,2021,2021-10-26,30.0,61.5,46.5,1.5,1.5
14,84,2022,2022-11-04,30.0,87.5,80.0,12.5,12.5
14,84,2023,2023-11-06,30.0,35.5,32.5,0.0,0.0
14,84,2024,2024-11-03,20.0,100.0,100.0,77.5,87.5
14,87,2020,2020-11-18,10.0,39.0,30.0,1.0,1.0
14,87,2021,2021-11-13,20.0,53.5,46.5,1.0,1.0
14,87,2022,2022-11-04,10.0,75.0,90.0,15.0,20.0
14,87,2023,2023-11-11,,62.5,55.0,0.0,1.0
14,87,2024,2024-10-25,,95.0,87.5,35.0,7.5
14,88,2020,2020-11-16,10.0,22.0,17.0,1.0,1.0
14,88,2021,2021-11-14,10.0,67.5,60.0,1.0,1.0
14,88,2022,2022-11-17,10.0,92.5,97.5,12.5,70.0
14,88,2023,2023-11-20,10.0,60.0,57.5,0.0,0.0
14,88,2024,2024-10-26,10.0,95.0,92.5,15.0,12.5
14,89,2020,2020-11-21,,81.5,88.0,3.5,2.0
14,89,2021,2021-11-14,2.5,51.0,45.5,1.0,1.0
14,89,2022,2022-11-14,,95.0,92.5,20.0,67.5
14,89,2023,2023-11-21,,47.5,30.0,0.0,0.0
14,89,2024,2024-10-26,,95.0,92.5,12.5,17.5
14,90,2020,2020-11-21,,52.5,30.0,1.0,1.0
14,90,2021,2021-11-14,10.0,46.0,35.5,1.0,0.5
14,90,2022,2022-11-16,10.0,80.0,96.0,30.0,52.5
14,90,2023,2023-11-21,,25.0,30.0,0.0,0.0
14,90,2024,2024-10-26,,87.5,90.0,15.0,20.0
14,93,2020,2020-10-30,,70.0,70.0,1.0,1.0
14,93,2021,2021-10-26,2.5,54.0,56.0,1.5,1.0
14,93,2022,2022-11-04,10.0,92.5,92.5,5.0,7.5
14,93,2023,2023-11-06,20.0,25.0,20.0,0.0,0.0
14,93,2024,2024-11-03,10.0,100.0,100.0,45.0,55.0
14,109,2020,2020-11-20,20.0,66.0,62.5,1.0,1.0
14,109,2021,2021-11-16,20.0,46.0,26.0,1.0,2.0
14,109,2022,2022-11-14,20.0,92.5,90.0,42.5,45.0
14,109,2023,2023-11-22,30.0,42.5,45.0,0.0,0.0
14,109,2024,2024-11-22,20.0,91.5,99.0,45.0,77.5
14,114,2020,2020-11-20,10.0,69.5,69.5,1.5,1.5
14,114,2021,2021-11-01,10.0,77.0,76.5,1.5,1.0
14,114,2022,2022-11-14,10.0,82.5,85.0,20.0,20.0
14,114,2023,2023-11-22,20.0,37.5,35.0,0.0,0.0
14,114,2024,2024-11-21,,91.5,97.5,57.5,67.5
14,115,2020,2020-11-12,10.0,76.0,73.0,1.5,1.0
14,115,2021,2021-11-03,10.0,72.5,65.0,1.5,1.5
14,115,2022,2022-11-14,10.0,97.5,95.0,42.5,62.5
14,115,2023,2023-11-12,,77.5,77.5,1.0,2.0
14,115,2024,2024-11-05,,100.0,100.0,70.0,80.0
15,4,2020,2020-11-02,,90.0,95.0,1.0,1.0
15,4,2021,2021-10-28,10.0,60.0,70.0,1.0,1.0
15,4,2022,2022-11-15,10.0,92.5,97.5,35.0,67.5
15,4,2023,2023-11-21,,65.0,35.0,0.0,0.0
15,4,2024,2024-11-20,,95.0,87.5,47.5,50.0
15,5,2020,2020-11-02,,85.0,82.5,1.0,1.0
15,5,2021,2021-10-28,10.0,75.0,82.5,0.5,0.5
15,5,2022,2022-11-15,,82.5,95.0,17.5,60.0
15,5,2023,2023-11-21,,57.5,45.0,0.0,0.0
15,5,2024,2024-11-20,,95.0,100.0,52.5,72.5
15,19,2020,2020-11-02,10.0,72.5,72.5,1.0,1.0
15,19,2021,2021-10-28,20.0,72.5,65.0,1.5,1.5
15,19,2022,2022-11-18,10.0,92.5,95.0,37.5,67.5
15,19,2023,2023-11-27,20.0,70.5,37.5,0.0,0.0
15,19,2024,2024-11-23,,99.0,99.0,80.0,87.5
15,20,2020,2020-11-02,20.0,76.5,66.5,1.0,1.0
15,20,2021,2021-10-28,20.0,62.5,71.5,1.5,2.5
15,20,2022,2022-11-15,20.0,80.0,90.0,25.0,45.0
15,20,2023,2023-11-21,40.0,35.0,35.0,0.0,0.0
15,20,2024,2024-11-20,,98.0,100.0,77.5,87.5
15,22,2020,2020-11-08,10.0,63.5,43.0,2.0,0.5
15,22,2021,2021-10-30,20.0,72.5,68.0,3.0,3.0
15,22,2022,2022-10-24,10.0,92.5,97.5,27.5,35.0
15,22,2023,2023-11-11,20.0,40.0,70.0,0.0,1.5
15,22,2024,2024-11-19,10.0,87.5,92.5,37.5,50.0
15,23,2020,2020-11-05,,20.0,27.5,0.0,0.0
15,23,2021,2021-11-02,2.5,70.0,60.0,0.0,0.0
15,23,2022,2022-10-24,,77.5,80.0,12.5,25.0
15,23,2023,2023-11-07,,15.0,17.5,0.0,0.0
15,23,2024,2024-11-09,,72.5,72.5,10.0,5.0
15,24,2020,2020-11-05,20.0,55.0,50.0,1.0,0.5
15,24,2021,2021-11-02,20.0,70.0,55.5,2.5,1.0
15,24,2022,2022-10-20,20.0,95.0,97.5,27.5,42.5
15,24,2023,2023-11-07,10.0,57.5,37.5,0.0,0.0
15,24,2024,2024-11-09,20.0,80.0,75.0,16.0,14.0
15,25,2020,2020-11-05,10.0,30.0,30.0,0.0,0.0
15,25,2021,2021-11-02,10.0,35.0,45.0,1.5,1.5
15,25,2022,2022-10-20,10.0,95.0,92.5,25.0,42.5
15,25,2023,2023-11-07,,40.0,32.5,0.0,0.0
15,25,2024,2024-11-09,,80.0,77.5,16.5,10.0
15,37,2020,2020-11-06,40.0,30.0,23.5,1.5,1.5
15,37,2021,2021-10-22,50.0,55.0,50.0,1.0,1.0
15,37,2022,2022-10-26,30.0,92.5,95.0,22.5,25.0
15,37,2023,2023-10-29,40.0,37.5,35.0,0.0,0.0
15,37,2024,2024-10-20,30.0,92.5,97.5,27.5,45.0
15,38,2020,2020-11-02,10.0,65.0,60.5,1.0,1.5
15,38,2021,2021-10-28,10.0,70.5,65.0,3.0,3.0
15,38,2022,2022-10-26,10.0,97.5,97.5,22.5,25.0
15,38,2023,2023-10-29,,32.5,30.0,0.0,0.0
15,38,2024,2024-10-20,,92.5,95.0,22.5,35.0
15,39,2020,2020-11-08,20.0,69.5,27.5,2.0,0.5
15,39,2021,2021-10-30,20.0,82.5,71.5,6.5,3.0
15,39,2022,2022-10-20,20.0,87.5,97.5,12.5,20.0
15,39,2023,2023-11-11,30.0,80.0,72.5,0.0,0.0
15,39,2024,2024-11-19,20.0,90.0,90.0,37.5,50.0
15,40,2020,2020-11-05,20.0,44.5,47.0,1.0,0.5
15,40,2021,2021-11-02,30.0,57.5,58.0,1.0,1.0
15,40,2022,2022-10-20,20.0,95.0,95.0,35.0,40.0
15,40,2023,2023-11-07,20.0,55.0,47.5,0.0,0.0
15,40,2024,2024-11-09,20.0,75.0,80.0,14.0,12.0
15,41,2020,2020-11-05,20.0,45.0,49.0,1.0,1.0
15,41,2021,2021-11-02,20.0,55.5,44.5,1.5,1.0
15,41,2022,2022-10-20,20.0,95.0,95.0,32.5,40.0
15,41,2023,2023-11-07,20.0,37.5,32.5,0.0,0.0
15,41,2024,2024-11-09,20.0,70.0,72.5,11.0,14.0
15,58,2020,2020-10-31,50.0,70.0,74.5,1.5,1.5
15,58,2021,2021-10-22,70.0,62.5,65.0,1.5,2.5
15,58,2022,2022-10-26,50.0,85.0,87.5,37.5,37.5
15,58,2023,2023-10-29,40.0,35.0,50.0,0.0,2.5
15,58,2024,2024-10-20,40.0,82.5,80.0,12.5,17.5
15,59,2020,2020-10-31,60.0,70.0,70.0,1.0,1.0
15,59,2021,2021-10-22,50.0,67.5,72.5,2.0,4.5
15,59,2022,2022-10-26,60.0,72.5,72.5,5.0,5.0
15,59,2023,2023-10-29,50.0,50.0,55.0,0.0,2.5
15,59,2024,2024-10-20,40.0,82.5,75.0,27.5,17.5
15,60,2020,2020-10-31,70.0,76.5,79.0,1.0,1.0
15,60,2021,2021-10-22,70.0,78.0,79.0,2.0,2.5
15,60,2022,2022-10-26,60.0,77.5,72.5,10.0,6.5
15,60,2023,2023-10-29,50.0,55.0,55.0,0.0,2.5
15,60,2024,2024-10-20,20.0,92.5,90.0,12.5,27.5
15,61,2020,2020-10-31,10.0,75.0,0.0,0.0,
15,61,2021,2021-10-22,10.0,77.5,,2.5,
15,61,2022,2022-10-26,10.0,65.0,0.0,0.0,
15,61,2023,2023-10-29,,37.5,,0.0,
15,61,2024,2024-10-20,,67.5,,10.0,
15,66,2020,2020-11-08,30.0,35.0,34.5,1.5,2.5
15,66,2021,2021-10-29,20.0,66.5,72.5,1.5,2.5
15,66,2022,2022-10-21,10.0,95.0,90.0,45.0,20.0
15,66,2023,2023-11-26,10.0,80.0,62.5,0.0,0.0
15,66,2024,2024-10-27,20.0,85.0,90.0,22.5,32.5
15,104,2020,2020-10-31,10.0,50.5,34.5,1.5,0.5
15,104,2021,2021-10-27,10.0,81.5,73.5,1.5,1.0
15,104,2022,2022-11-15,10.0,92.5,97.5,27.5,65.0
15,104,2023,2023-11-09,10.0,60.0,50.0,0.0,0.0
15,104,2024,2024-10-28,10.0,95.0,100.0,30.0,50.0
15,106,2020,2020-11-02,20.0,72.0,67.0,1.0,1.5
15,106,2021,2021-10-28,20.0,66.5,60.0,1.5,1.5
15,106,2022,2022-11-15,20.0,72.5,92.5,25.0,42.5
15,106,2023,2023-11-09,20.0,47.5,35.0,0.0,0.0
15,106,2024,2024-11-20,,95.0,100.0,57.5,85.0
15,107,2020,2020-11-08,60.0,30.0,27.0,1.5,2.0
15,107,2021,2021-10-30,60.0,41.5,44.0,3.0,2.5
15,107,2022,2022-10-21,30.0,87.5,92.5,37.5,37.5
15,107,2023,2023-11-11,40.0,35.0,37.5,0.0,0.0
15,107,2024,2024-10-27,30.0,80.0,92.5,40.0,37.5
15,108,2020,2020-11-08,50.0,36.0,38.5,6.5,7.0
15,108,2021,2021-10-22,60.0,60.0,65.0,2.5,2.5
15,108,2022,2022-10-22,30.0,97.5,96.5,42.5,47.5
15,108,2023,2023-11-06,30.0,55.0,55.0,2.5,2.5
15,108,2024,2024-10-27,30.0,80.0,82.5,17.5,30.0
15,111,2020,2020-11-05,30.0,34.5,34.0,0.5,1.0
15,111,2021,2021-11-02,30.0,58.5,63.0,1.0,1.0
15,111,2022,2022-10-20,20.0,91.5,96.0,32.5,45.0
15,111,2023,2023-11-07,30.0,55.0,55.0,0.0,0.0
15,111,2024,2024-11-09,20.0,82.5,85.0,16.5,14.5
15,113,2020,2020-10-31,20.0,85.5,82.5,1.5,1.5
15,113,2021,2021-10-27,20.0,86.0,85.5,0.0,0.0
15,113,2022,2022-11-15,20.0,80.0,77.5,12.5,25.0
15,113,2023,2023-11-09,30.0,80.0,50.0,0.0,0.0
15,113,2024,2024-11-20,20.0,82.5,87.5,17.5,30.0
16,1,2020,2020-10-26,,71.5,76.5,2.0,1.5
16,1,2021,2021-10-26,2.5,82.5,73.5,2.0,1.0
16,1,2022,2022-10-27,10.0,95.0,97.5,20.0,17.5
16,1,2023,2023-10-28,10.0,35.0,35.0,0.0,0.0
16,1,2024,2024-11-04,,92.5,100.0,45.0,62.5
16,2,2020,2020-10-30,30.0,75.0,74.5,1.5,1.5
16,2,2021,2021-10-26,30.0,67.5,60.5,1.5,1.0
16,2,2022,2022-11-06,40.0,82.5,80.0,7.5,12.5
16,2,2023,2023-10-28,60.0,40.0,28.0,0.5,1.0
16,2,2024,2024-11-04,50.0,85.0,100.0,27.5,55.0
16,3,2020,2020-10-30,10.0,82.0,81.5,2.0,2.5
16,3,2021,2021-10-26,10.0,53.5,56.0,1.0,1.0
16,3,2022,2022-11-06,20.0,92.5,92.5,12.5,10.0
16,3,2023,2023-10-28,20.0,30.0,17.5,0.0,0.0
16,3,2024,2024-11-04,10.0,100.0,99.0,60.0,77.5
16,6,2020,2020-11-01,,73.5,53.5,1.0,2.0
16,6,2021,2021-10-25,10.0,70.0,70.0,1.5,1.5
16,6,2022,2022-11-06,10.0,85.0,90.0,20.0,32.5
16,6,2023,2023-10-31,,50.0,32.5,0.0,0.0
16,6,2024,2024-11-20,,95.0,100.0,50.0,77.5
16,7,2020,2020-11-17,30.0,69.5,67.0,2.0,1.5
16,7,2021,2021-11-06,20.0,85.0,86.5,2.0,2.0
16,7,2022,2022-10-27,10.0,100.0,100.0,20.0,52.5
16,7,2023,2023-10-30,,75.0,60.0,0.0,0.0
16,7,2024,2024-10-19,,95.0,90.0,10.0,7.5
16,8,2020,2020-11-17,20.0,54.0,51.0,3.5,4.0
16,8,2021,2021-11-06,10.0,92.5,87.5,5.5,10.0
16,8,2022,2022-10-27,10.0,97.5,92.5,25.0,40.0
16,8,2023,2023-10-30,,65.0,60.0,0.0,0.0
16,8,2024,2024-10-19,10.0,85.0,92.5,12.5,20.0
16,9,2020,2020-11-17,60.0,28.5,30.0,1.5,2.0
16,9,2021,2021-11-06,60.0,52.5,47.5,1.0,4.5
16,9,2022,2022-10-27,30.0,95.0,100.0,47.5,65.0
16,9,2023,2023-10-30,30.0,60.0,55.0,0.0,0.0
16,9,2024,2024-10-19,40.0,95.0,97.5,30.0,52.5
16,10,2020,2020-11-17,40.0,23.5,28.0,2.0,0.5
16,10,2021,2021-11-06,30.0,51.0,46.0,1.0,3.0
16,10,2022,2022-10-27,40.0,92.5,100.0,10.0,35.0
16,10,2023,2023-10-30,40.0,30.0,30.0,0.0,0.0
16,10,2024,2024-10-19,30.0,90.0,92.5,17.5,17.5
16,11,2020,2020-11-01,,68.0,72.0,1.0,0.5
16,11,2021,2021-10-25,2.5,61.0,55.5,1.5,1.0
16,11,2022,2022-10-27,,100.0,100.0,40.0,50.0
16,11,2023,2023-10-28,,43.0,35.0,0.5,0.0
16,11,2024,2024-11-04,,96.5,100.0,42.5,55.0
16,12,2020,2020-10-27,20.0,78.0,76.0,3.0,2.5
16,12,2021,2021-10-27,20.0,62.5,60.0,1.5,1.5
16,12,2022,2022-11-03,10.0,91.0,92.5,42.5,50.0
16,12,2023,2023-10-31,10.0,70.0,45.0,0.0,0.0
16,12,2024,2024-10-21,10.0,95.0,97.5,17.5,32.5
16,13,2020,2020-10-27,20.0,76.0,80.0,4.0,5.0
16,13,2021,2021-10-27,20.0,66.0,61.0,1.0,1.0
16,13,2022,2022-10-28,10.0,87.5,100.0,22.5,35.0
16,13,2023,2023-11-09,20.0,52.5,57.5,0.0,0.0
16,13,2024,2024-10-28,,99.0,100.0,80.0,77.5
16,14,2020,2020-10-27,,79.0,64.5,3.5,5.5
16,14,2021,2021-10-27,2.5,69.0,70.0,1.5,1.5
16,14,2022,2022-11-03,,100.0,100.0,52.5,67.5
16,14,2023,2023-10-31,,55.0,45.0,0.0,0.0
16,14,2024,2024-10-28,,100.0,97.5,42.5,55.0
16,15,2020,2020-10-27,20.0,87.5,85.5,3.5,3.0
16,15,2021,2021-10-21,20.0,76.5,81.0,3.0,3.0
16,15,2022,2022-11-03,10.0,92.5,97.5,35.0,60.0
16,15,2023,2023-10-31,20.0,50.0,40.0,0.0,0.0
16,15,2024,2024-10-28,20.0,92.5,92.5,22.5,35.0
16,16,2020,2020-11-01,,66.0,58.5,6.0,10.0
16,16,2021,2021-10-21,10.0,65.0,65.0,1.5,2.5
16,16,2022,2022-10-28,,99.0,100.0,37.5,52.5
16,16,2023,2023-11-09,,57.5,50.0,0.0,0.0
16,16,2024,2024-10-28,,97.5,97.5,45.0,50.0
16,17,2020,2020-11-01,10.0,76.0,58.5,1.5,2.0
16,17,2021,2021-10-21,10.0,67.5,67.5,1.0,1.0
16,17,2022,2022-10-28,,97.5,100.0,30.0,62.5
16,17,2023,2023-11-09,,47.5,35.0,0.0,0.0
16,17,2024,2024-10-28,,95.0,100.0,40.0,35.0
16,45,2020,2020-10-30,10.0,81.5,74.0,2.0,2.0
16,45,2021,2021-10-26,20.0,62.5,65.5,1.0,1.0
16,45,2022,2022-11-06,10.0,90.0,95.0,12.5,22.5
16,45,2023,2023-10-28,20.0,40.0,30.0,0.5,0.0
16,45,2024,2024-11-04,10.0,100.0,100.0,50.0,85.0
16,69,2020,2020-11-17,30.0,22.5,22.5,1.5,2.0
16,69,2021,2021-11-06,50.0,41.0,43.5,1.5,3.0
16,69,2022,2022-10-27,40.0,82.5,100.0,25.0,62.5
16,69,2023,2023-10-30,40.0,47.5,40.0,0.0,0.0
16,69,2024,2024-10-19,40.0,95.0,100.0,15.0,22.5
16,70,2020,2020-11-17,20.0,40.5,35.5,1.0,2.0
16,70,2021,2021-11-06,10.0,85.0,87.5,7.5,12.5
16,70,2022,2022-10-27,10.0,97.5,97.5,35.0,55.0
16,70,2023,2023-10-30,,80.0,85.0,0.0,0.0
16,70,2024,2024-10-19,,90.0,92.5,10.0,10.0
16,85,2020,2020-11-01,50.0,67.5,59.5,1.5,1.0
16,85,2021,2021-10-21,50.0,74.0,64.0,1.5,1.5
16,85,2022,2022-10-28,60.0,87.5,100.0,17.5,75.0
16,85,2023,2023-10-31,50.0,45.0,42.5,0.0,0.0
16,85,2024,2024-10-21,60.0,77.5,90.0,20.0,22.5
16,94,2020,2020-10-26,20.0,81.0,84.5,5.0,4.0
16,94,2021,2021-10-25,20.0,77.0,73.5,2.0,1.5
16,94,2022,2022-11-03,20.0,85.0,90.0,5.0,7.5
16,94,2023,2023-10-27,20.0,45.0,27.5,4.0,0.5
16,94,2024,2024-10-21,20.0,92.5,100.0,22.5,60.0
16,95,2020,2020-10-26,50.0,74.5,79.0,2.5,2.0
16,95,2021,2021-10-25,50.0,69.0,70.5,2.0,2.0
16,95,2022,2022-11-06,50.0,72.5,75.0,5.0,7.5
16,95,2023,2023-10-27,60.0,30.0,22.5,0.0,0.0
16,95,2024,2024-10-21,40.0,97.5,100.0,37.5,67.5
16,96,2020,2020-10-26,10.0,74.0,77.5,2.0,1.0
16,96,2021,2021-10-25,10.0,59.0,55.5,2.0,2.5
16,96,2022,2022-11-06,10.0,87.5,90.0,5.0,10.0
16,96,2023,2023-10-27,,27.5,22.5,0.0,0.0
16,96,2024,2024-10-21,,97.5,99.0,30.0,50.0
16,97,2020,2020-10-26,,72.0,70.5,2.0,0.5
16,97,2021,2021-10-25,2.5,47.0,48.0,1.0,1.0
16,97,2022,2022-10-27,10.0,90.0,95.0,22.5,27.5
16,97,2023,2023-10-28,,32.5,27.5,0.0,0.0
16,97,2024,2024-11-04,,99.0,100.0,60.0,80.0
16,98,2020,2020-10-26,20.0,76.5,79.5,4.0,3.5
16,98,2021,2021-10-25,20.0,76.0,80.0,2.0,1.5
16,98,2022,2022-11-06,10.0,82.5,92.5,7.5,15.0
16,98,2023,2023-10-27,10.0,42.5,30.0,0.5,0.5
16,98,2024,2024-10-21,,92.5,100.0,17.5,32.5
16,99,2020,2020-10-26,20.0,85.0,85.0,4.0,3.0
16,99,2021,2021-10-25,20.0,79.0,73.5,1.5,1.0
16,99,2022,2022-11-06,30.0,82.5,92.5,7.5,10.0
16,99,2023,2023-10-27,30.0,45.0,27.5,0.0,0.0
16,99,2024,2024-10-21,30.0,92.5,92.5,20.0,25.0
16,100,2020,2020-10-26,10.0,78.0,78.0,3.5,3.0
16,100,2021,2021-10-21,10.0,77.0,75.0,2.5,1.5
16,100,2022,2022-11-03,10.0,87.5,87.5,7.5,10.0
16,100,2023,2023-10-27,10.0,45.0,39.0,0.0,0.0
16,100,2024,2024-10-21,,95.0,100.0,25.0,37.5
16,101,2020,2020-10-27,10.0,84.5,78.0,4.0,7.5
16,101,2021,2021-10-21,10.0,82.5,80.0,1.5,2.0
16,101,2022,2022-10-28,10.0,97.5,100.0,20.0,57.5
16,101,2023,2023-11-09,,52.5,47.5,0.0,0.0
16,101,2024,2024-10-28,,94.0,100.0,65.0,70.0
16,102,2020,2020-10-27,10.0,83.5,88.0,2.0,3.5
16,102,2021,2021-10-27,10.0,76.5,75.0,1.5,1.0
16,102,2022,2022-10-28,10.0,92.5,95.0,10.0,10.0
16,102,2023,2023-11-09,30.0,35.0,40.0,0.0,0.0
16,102,2024,2024-10-28,,98.5,99.0,70.0,80.0
16,103,2020,2020-10-25,20.0,78.5,81.0,5.0,5.0
16,103,2021,2021-10-24,10.0,75.0,75.0,1.5,1.0
16,103,2022,2022-11-07,10.0,92.5,90.0,15.0,27.5
16,103,2023,2023-10-26,20.0,35.0,17.5,0.0,0.0
16,103,2024,2024-10-16,10.0,91.5,100.0,32.5,55.0
16,105,2020,2020-10-26,20.0,78.0,78.0,5.0,5.0
16,105,2021,2021-10-25,20.0,75.0,76.0,2.0,2.0
16,105,2022,2022-11-03,20.0,90.0,92.5,10.0,12.5
16,105,2023,2023-10-31,20.0,36.0,27.5,0.0,0.0
16,105,2024,2024-10-21,20.0,97.5,97.5,25.0,55.0
17,120,2020,2020-10-28,50.0,23.0,17.5,2.0,2.5
17,120,2021,2021-11-04,70.0,23.0,20.5,1.0,1.0
17,120,2022,2022-11-09,20.0,97.5,100.0,65.0,77.5
17,120,2023,2023-11-04,20.0,35.0,25.0,0.0,0.0
17,120,2024,2024-10-18,20.0,77.5,87.5,15.0,10.0
17,121,2020,2020-10-28,40.0,29.0,24.0,1.5,1.5
17,121,2021,2021-11-04,50.0,15.5,15.5,1.0,1.0
17,121,2022,2022-11-09,20.0,95.0,97.5,55.0,72.5
17,121,2023,2023-11-04,10.0,28.0,20.0,0.0,0.0
17,121,2024,2024-10-18,10.0,72.5,87.5,10.0,17.5
17,122,2020,2020-10-29,70.0,46.5,46.5,3.5,3.5
17,122,2021,2021-11-04,70.0,50.0,42.0,2.0,1.5
17,122,2022,2022-11-09,30.0,92.5,100.0,45.0,60.0
17,122,2023,2023-11-04,30.0,37.5,40.0,2.5,2.0
17,122,2024,2024-10-18,30.0,97.5,100.0,12.5,7.5
17,123,2020,2020-10-28,10.0,17.5,20.0,1.0,1.0
17,123,2021,2021-11-04,2.5,35.5,32.5,0.5,0.5
17,123,2022,2022-11-09,10.0,95.0,90.0,32.5,40.0
17,123,2023,2023-11-04,10.0,30.0,25.0,0.0,0.0
17,123,2024,2024-10-18,20.0,50.0,52.5,5.0,3.5
17,124,2020,2020-10-28,40.0,20.5,18.0,1.0,1.0
17,124,2021,2021-11-04,60.0,15.5,15.5,1.0,1.5
17,124,2022,2022-11-09,20.0,98.5,100.0,52.5,72.5
17,124,2023,2023-11-04,20.0,25.0,30.0,0.0,0.0
17,124,2024,2024-10-18,20.0,95.0,95.0,22.5,22.5
17,125,2020,2020-10-28,40.0,18.5,21.0,1.5,1.5
17,125,2021,2021-11-04,70.0,16.0,13.5,0.5,1.0
17,125,2022,2022-11-09,10.0,97.5,100.0,62.5,85.0
17,125,2023,2023-11-04,,35.0,42.5,1.0,1.5
17,125,2024,2024-10-18,,90.0,90.0,17.5,20.0
17,126,2020,2020-10-29,70.0,30.0,31.0,3.0,4.0
17,126,2021,2021-11-04,70.0,21.5,16.5,1.5,1.0
17,126,2022,2022-11-09,30.0,90.0,91.0,55.0,67.5
17,126,2023,2023-11-04,40.0,32.5,27.5,0.5,1.0
17,126,2024,2024-10-18,30.0,92.5,95.0,20.0,17.5
17,127,2020,2020-10-29,30.0,75.0,87.5,0.0,7.5
17,127,2021,2021-11-07,30.0,45.0,75.0,0.0,0.0
17,127,2022,2022-11-08,10.0,100.0,100.0,77.5,100.0
17,127,2023,2023-10-25,10.0,55.0,100.0,0.0,100.0
17,127,2024,2024-10-15,10.0,100.0,,25.0,
17,129,2020,2020-10-29,90.0,2.5,0.0,0.0,
17,129,2021,2021-11-07,90.0,1.5,,0.5,
17,129,2022,2022-11-08,40.0,100.0,0.0,60.0,
17,129,2023,2023-10-25,40.0,22.5,,0.0,
17,129,2024,2024-10-15,30.0,72.5,,22.5,
17,130,2020,2020-11-07,60.0,59.5,64.5,3.0,3.0
17,130,2021,2021-11-07,60.0,55.0,55.0,1.0,1.0
17,130,2022,2022-11-08,60.0,75.0,70.0,21.0,6.5
17,130,2023,2023-10-25,60.0,28.0,22.5,0.0,0.0
17,130,2024,2024-10-15,50.0,90.0,90.0,27.5,25.0
17,131,2020,2020-11-07,20.0,40.0,0.0,60.0,
17,131,2021,2021-11-07,20.0,75.0,,0.0,
17,131,2022,2022-11-08,10.0,100.0,0.0,3.5,
17,131,2023,2023-10-25,20.0,20.0,,0.0,
17,131,2024,2024-10-15,,100.0,,65.0,
17,132,2020,2020-11-07,20.0,85.0,80.0,1.0,1.0
17,132,2021,2021-11-07,20.0,69.5,75.0,1.0,1.5
17,132,2022,2022-11-08,10.0,85.0,85.0,17.5,20.0
17,132,2023,2023-10-25,10.0,35.0,45.0,0.0,1.0
17,132,2024,2024-10-15,10.0,95.0,97.5,20.0,27.5
17,133,2020,2020-10-25,40.0,85.0,80.0,5.0,5.0
17,133,2021,2021-10-24,50.0,76.5,63.5,2.0,1.5
17,133,2022,2022-11-07,50.0,85.0,87.5,7.5,15.0
17,133,2023,2023-10-26,50.0,43.5,23.5,1.0,1.0
17,133,2024,2024-10-16,40.0,100.0,100.0,57.5,62.5
17,134,2020,2020-10-25,30.0,30.0,0.0,0.0,
17,134,2021,2021-10-24,40.0,75.0,,0.0,
17,134,2022,2022-11-07,40.0,100.0,0.0,2.0,
17,134,2023,2023-10-26,40.0,10.0,,0.0,
17,134,2024,2024-10-16,,100.0,,87.5,
17,135,2020,2020-10-25,40.0,81.0,82.5,4.0,5.0
17,135,2021,2021-10-24,50.0,77.5,80.0,2.0,1.5
17,135,2022,2022-11-07,60.0,90.0,100.0,17.5,35.0
17,135,2023,2023-10-26,70.0,36.0,50.0,0.5,0.0
17,135,2024,2024-10-16,50.0,95.0,100.0,32.5,67.5
17,136,2020,2020-10-25,30.0,77.5,77.5,5.0,5.0
17,136,2021,2021-10-24,40.0,60.5,60.5,1.5,1.5
17,136,2022,2022-11-07,40.0,90.0,95.0,17.5,60.0
17,136,2023,2023-10-26,40.0,36.0,27.5,1.0,0.0
17,136,2024,2024-10-16,20.0,92.5,100.0,42.5,77.5
17,137,2020,2020-10-25,20.0,87.5,87.5,5.0,5.0
17,137,2021,2021-10-24,10.0,62.5,55.0,2.0,1.5
17,137,2022,2022-11-07,20.0,92.5,90.0,20.0,30.0
17,137,2023,2023-10-26,10.0,32.5,22.5,0.0,0.0
17,137,2024,2024-10-16,10.0,95.0,100.0,30.0,60.0
17,138,2020,2020-10-29,20.0,80.0,85.0,10.0,10.0
17,138,2021,2021-11-07,40.0,80.0,78.5,1.5,1.0
17,138,2022,2022-11-08,20.0,95.0,100.0,40.0,77.5
17,138,2023,2023-10-25,30.0,61.0,55.0,2.5,0.0
17,138,2024,2024-10-15,30.0,100.0,100.0,25.0,17.5
17,139,2020,2020-10-29,20.0,46.0,38.5,4.0,4.0
17,139,2021,2021-11-07,20.0,32.5,27.5,1.0,1.0
17,139,2022,2022-11-08,20.0,90.0,90.0,42.5,45.0
17,139,2023,2023-10-25,20.0,42.5,45.0,0.0,0.0
17,139,2024,2024-10-15,10.0,96.0,98.5,27.5,35.0
17,141,2020,2020-10-28,60.0,26.5,18.0,1.5,1.0
17,141,2021,2021-11-04,70.0,15.5,15.5,1.0,1.0
17,141,2022,2022-11-09,50.0,82.5,82.5,35.0,37.5
17,141,2023,2023-11-04,60.0,15.0,17.5,0.0,0.0
17,141,2024,2024-10-18,50.0,82.5,92.5,15.0,32.5
17,142,2020,2020-10-28,40.0,25.5,18.0,2.0,2.0
17,142,2021,2021-11-04,70.0,13.5,18.0,1.0,1.0
17,142,2022,2022-11-09,40.0,90.0,87.5,40.0,47.5
17,142,2023,2023-11-04,30.0,17.5,15.0,0.0,0.0
17,142,2024,2024-10-18,30.0,77.5,75.0,15.0,15.0
17,1261,2020,2020-10-29,40.0,10.0,0.0,0.0,
17,1261,2021,2021-11-04,50.0,25.5,,0.0,
17,1261,2022,2022-11-09,20.0,95.0,0.0,70.0,
17,1261,2023,2023-11-04,20.0,45.0,,0.0,
17,1261,2024,2024-10-18,20.0,60.0,,5.0,
17,1271,2020,2020-10-29,30.0,82.5,90.0,5.0,5.0
17,1271,2021,2021-11-07,30.0,86.5,86.0,1.5,2.0
17,1271,2022,2022-11-08,,100.0,100.0,97.5,100.0
17,1271,2023,2023-10-25,,97.5,,0.0,
17,1271,2024,2024-10-15,,100.0,100.0,17.5,15.0
18,1,2020,2020-11-12,50.0,,0.0,0.0,0.0
18,1,2021,2022-01-18,50.0,,,,
18,1,2022,2022-12-08,60.0,,0.0,0.0,0.0
18,1,2023,2023-12-22,60.0,,0.0,0.0,0.0
18,1,2024,2024-12-24,60.0,,0.0,0.0,0.0
18,2,2020,2020-11-11,70.0,,,,
18,2,2021,2022-01-19,60.0,,,,
18,2,2022,2022-12-08,60.0,,,0.0,0.0
18,2,2023,2023-12-22,60.0,,,,
18,2,2024,2024-12-24,70.0,,,,
18,3,2020,2020-11-12,60.0,,0.0,,0.0
18,3,2021,2022-01-18,70.0,,,,
18,3,2022,2022-12-08,60.0,0.0,0.0,0.0,0.0
18,3,2023,2023-12-22,70.0,,,,
18,3,2024,2024-12-24,70.0,,,,
18,4,2020,2020-11-12,60.0,10.0,,,
18,4,2021,2022-01-18,70.0,,,,
18,4,2022,2022-12-14,70.0,,,,
18,4,2023,2023-12-21,60.0,,,,
18,4,2024,2024-12-24,70.0,,0.0,,0.0
18,5,2020,2020-11-11,60.0,10.0,10.0,,
18,5,2021,2022-01-19,60.0,,0.0,,0.0
18,5,2022,2022-12-08,50.0,,,,0.0
18,5,2023,2023-12-22,60.0,,,,
18,5,2024,2024-12-24,60.0,,,,
18,6,2020,2020-12-23,30.0,,10.0,,
18,6,2021,2022-01-18,30.0,,,,
18,6,2022,2022-12-14,40.0,,0.0,,0.0
18,6,2023,2023-12-21,30.0,,,,0.0
18,6,2024,2024-12-25,30.0,,0.0,,0.0
18,7,2020,2020-12-23,30.0,,0.0,0.0,0.0
18,7,2021,2022-01-18,30.0,,0.0,0.0,0.0
18,7,2022,2022-12-14,30.0,,,,
18,7,2023,2023-12-21,30.0,,,,0.0
18,7,2024,2024-12-25,30.0,,,,0.0
18,8,2020,2020-12-23,50.0,,,,
18,8,2021,2022-01-18,60.0,,,,
18,8,2022,2022-12-14,60.0,,0.0,,0.0
18,8,2023,2023-12-21,60.0,,0.0,0.0,0.0
18,8,2024,2024-12-25,60.0,,0.0,0.0,0.0
18,9,2020,2020-11-11,40.0,20.0,30.0,,10.0
18,9,2021,2022-01-17,30.0,,,,
18,9,2022,2022-12-07,40.0,,,,
18,9,2023,2023-12-21,40.0,,,0.0,0.0
18,9,2024,2024-12-25,40.0,,,0.0,0.0
18,10,2020,2020-11-11,30.0,30.0,60.0,,10.0
18,10,2021,2022-01-17,30.0,,,,
18,10,2022,2022-12-07,30.0,,0.0,,0.0
18,10,2023,2023-12-23,30.0,0.0,0.0,0.0,0.0
18,10,2024,2024-12-25,20.0,0.0,0.0,0.0,0.0
18,11,2020,2020-11-11,20.0,20.0,90.0,,
18,11,2021,2022-01-17,20.0,,0.0,0.0,0.0
18,11,2022,2022-12-07,30.0,,0.0,,0.0
18,11,2023,2023-12-23,20.0,,0.0,,0.0
18,11,2024,2024-12-26,30.0,,0.0,,0.0
18,12,2020,2020-11-12,60.0,70.0,70.0,30.0,30.0
18,12,2021,2022-01-17,70.0,,,,
18,12,2022,2022-12-07,80.0,,,,
18,12,2023,2023-12-23,80.0,,,,
18,12,2024,2024-12-26,90.0,,,0.0,0.0
19,1,2020,2020-10-26,,0.0,0.0,0.0,0.0
19,1,2022,2022-11-25,,0.0,0.0,0.0,0.0
19,1,2023,2023-11-21,,0.0,0.0,0.0,0.0
19,1,2024,2024-10-24,,0.0,0.0,0.0,0.0
19,2,2020,2020-11-06,,0.0,0.0,0.0,0.0
19,2,2021,2021-11-04,2.5,0.0,0.0,0.0,0.0
19,2,2022,2022-12-08,,0.0,0.0,0.0,0.0
19,2,2024,2024-11-08,,0.0,0.0,0.0,0.0
19,3,2020,2020-07-21,,0.0,0.0,0.0,0.0
19,3,2021,2021-11-04,2.5,0.0,0.0,0.0,0.0
19,3,2022,2022-11-03,,0.0,0.0,0.0,0.0
19,3,2023,2023-11-09,,0.0,0.0,0.0,0.0
19,3,2024,2024-11-09,,0.0,0.0,0.0,0.0
19,4,2020,2020-07-21,,0.0,0.0,0.0,0.0
19,4,2021,2021-11-04,2.5,0.0,0.0,0.0,0.0
19,4,2022,2022-11-03,,0.0,0.0,0.0,0.0
19,4,2023,2023-11-09,,0.0,0.0,0.0,0.0
19,4,2024,2024-11-22,,0.0,0.0,0.0,0.0
19,5,2020,2020-12-01,,0.0,0.0,0.0,0.0
19,5,2021,2021-11-30,2.5,0.0,0.0,0.0,0.0
19,5,2022,2022-11-22,,0.0,0.0,0.0,0.0
19,5,2023,2023-12-18,,0.0,0.0,0.0,0.0
19,5,2024,2024-10-11,,0.0,0.0,0.0,0.0
19,6,2020,2020-10-28,10.0,0.0,0.0,0.0,0.0
19,6,2021,2021-11-18,10.0,0.0,0.0,0.0,0.0
19,6,2022,2022-09-07,10.0,0.0,0.0,0.0,0.0
19,6,2023,2023-10-19,,0.0,0.0,0.0,0.0
19,6,2024,2024-11-22,,0.0,0.0,0.0,0.0
20,1,2022,2022-09-28,20.0,10.0,10.0,0.0,5.0
20,1,2023,2023-10-20,30.0,0.0,0.0,0.0,0.0
20,1,2024,2024-09-24,20.0,55.0,90.0,,
20,2,2022,2022-09-28,,0.0,0.0,0.0,0.5
20,2,2023,2023-10-20,,0.0,0.0,0.0,0.0
20,2,2024,2024-09-24,,95.0,95.0,0.0,0.0
20,3,2022,2022-09-27,40.0,0.0,0.0,1.0,1.0
20,3,2023,2023-10-19,30.0,10.0,10.0,10.0,10.0
20,3,2024,2024-09-25,20.0,35.0,25.0,2.5,5.0
20,4,2022,2022-09-27,,0.0,0.0,1.0,1.0
20,4,2023,2023-10-19,,0.0,0.0,0.0,0.0
20,4,2024,2024-09-25,,70.0,,,
20,5,2022,2022-09-27,,5.0,0.0,1.0,0.0
20,5,2023,2023-10-19,,10.0,0.0,10.0,0.0
20,5,2024,2024-09-25,,80.0,95.0,,
20,6,2022,2022-09-25,70.0,7.5,0.0,0.0,0.0
20,6,2023,2023-10-23,70.0,5.0,0.0,1.0,0.0
20,6,2024,2024-09-29,70.0,45.0,100.0,1.0,0.0
20,7,2022,2022-09-25,50.0,20.0,0.0,0.0,1.0
20,7,2023,2023-10-23,60.0,5.0,0.0,1.0,0.0
20,7,2024,2024-09-29,70.0,57.5,,1.0,
20,8,2022,2022-09-25,60.0,0.0,0.0,0.0,0.0
20,8,2023,2023-10-23,60.0,0.0,0.0,0.0,0.0
20,8,2024,2024-09-29,60.0,80.0,80.0,0.0,0.0
20,9,2022,2022-09-23,50.0,0.0,0.0,1.0,0.0
20,9,2023,2023-10-25,50.0,10.0,0.0,1.0,0.0
20,9,2024,2024-10-01,50.0,90.0,,3.5,
20,10,2022,2022-09-23,40.0,0.0,0.0,5.0,5.0
20,10,2023,2023-10-24,20.0,0.0,0.0,0.0,0.0
20,10,2024,2024-09-30,40.0,2.5,0.0,0.0,0.0
20,11,2022,2022-09-29,30.0,0.0,0.0,0.5,1.0
20,11,2023,2023-10-22,20.0,0.0,0.0,0.0,0.0
20,11,2024,2024-09-27,30.0,,,,
20,12,2022,2022-09-29,50.0,0.5,0.0,0.5,1.0
20,12,2023,2023-10-22,50.0,0.0,0.0,0.0,0.0
20,12,2024,2024-09-27,40.0,,,,
20,13,2022,2022-09-29,40.0,0.0,0.0,0.5,1.0
20,13,2023,2023-10-22,40.0,1.0,1.0,1.0,1.0
20,13,2024,2024-09-27,30.0,,,,
20,14,2022,2022-09-29,20.0,0.5,0.0,0.5,0.5
20,14,2023,2023-10-21,20.0,0.0,0.0,0.0,0.0
20,14,2024,2024-09-27,30.0,,,,
20,15,2022,2022-09-28,60.0,1.0,0.5,1.0,0.5
20,15,2023,2023-10-19,60.0,1.0,0.0,1.0,0.0
20,15,2024,2024-09-24,30.0,,,,
20,17,2022,2022-09-28,70.0,0.0,0.0,0.0,0.0
20,17,2023,2023-10-19,70.0,0.0,0.0,0.0,0.0
20,17,2024,2024-09-24,90.0,,0.0,,0.0
20,18,2022,2022-09-28,60.0,0.0,0.0,0.5,0.5
20,18,2023,2023-10-19,70.0,0.0,0.0,0.0,0.0
20,18,2024,2024-09-24,70.0,,,,
20,19,2022,2022-09-29,40.0,0.5,0.5,10.0,10.0
20,19,2023,2023-10-21,30.0,5.0,1.0,1.0,1.0
20,19,2024,2024-09-27,30.0,,,,
20,20,2022,2022-09-29,,0.0,0.0,0.0,0.0
20,20,2023,2023-10-21,,0.0,0.0,0.0,0.0
20,20,2024,2024-09-27,,0.0,0.0,0.0,0.0
21,1,2020,2020-12-02,,,,0.0,0.0
21,1,2021,2021-12-06,2.5,0.0,0.0,0.0,0.0
21,1,2022,2022-12-05,,10.0,0.0,0.0,0.0
21,1,2023,2023-12-08,,0.0,0.0,0.0,0.0
21,1,2024,2024-12-02,,0.0,0.0,0.0,0.0
21,2,2020,2021-01-15,50.0,0.0,0.0,0.0,0.0
21,2,2021,2022-01-09,50.0,0.0,0.0,0.0,0.0
21,2,2022,2022-12-13,50.0,,0.0,0.0,0.0
21,2,2023,2023-12-29,50.0,0.0,0.0,0.0,0.0
21,2,2024,2024-12-27,40.0,,0.0,0.0,0.0
21,3,2020,2021-01-17,20.0,10.0,0.0,0.0,0.0
21,3,2021,2022-01-09,20.0,0.0,0.0,0.0,0.0
21,3,2022,2022-12-20,20.0,,100.0,0.0,0.0
21,3,2023,2023-11-27,10.0,0.0,0.0,0.0,0.0
21,3,2024,2024-10-25,10.0,0.0,0.0,0.0,0.0
21,4,2020,2020-12-19,20.0,,0.0,,0.0
21,4,2021,2021-12-28,10.0,0.0,0.0,0.0,0.0
21,4,2022,2022-12-20,,,0.0,0.0,0.0
21,4,2023,2023-11-27,,0.0,0.0,0.0,0.0
21,4,2024,2024-10-25,,0.0,0.0,0.0,0.0
21,5,2020,2020-12-19,60.0,30.0,40.0,,
21,5,2021,2021-12-28,70.0,0.0,0.0,0.0,0.0
21,5,2022,2022-12-20,70.0,,,,
21,5,2023,2023-12-04,70.0,,,,
21,5,2024,2024-12-05,60.0,,,0.0,0.0
21,6,2020,2020-12-23,10.0,30.0,0.0,0.0,0.0
21,6,2021,2021-12-05,20.0,0.0,0.0,0.0,0.0
21,6,2022,2022-12-16,10.0,,,,0.0
21,6,2023,2023-12-29,20.0,0.0,0.0,0.0,0.0
21,6,2024,2024-12-19,30.0,30.0,,0.0,0.0
21,7,2020,2020-12-23,,0.0,0.0,0.0,0.0
21,7,2021,2021-12-05,10.0,0.0,0.0,0.0,0.0
21,7,2022,2022-12-16,10.0,,0.0,,0.0
21,7,2023,2023-12-29,20.0,0.0,0.0,0.0,0.0
21,7,2024,2024-12-19,20.0,,,0.0,0.0
21,8,2020,2021-01-15,40.0,,0.0,,0.0
21,8,2021,2022-01-09,50.0,,,,
21,8,2022,2022-12-11,50.0,,0.0,,0.0
21,8,2023,2023-12-25,60.0,0.0,0.0,0.0,0.0
21,8,2024,2024-12-28,60.0,,0.0,0.0,0.0
21,9,2020,2020-12-07,30.0,,,,0.0
21,9,2021,2021-12-07,40.0,0.0,0.0,0.0,0.0
21,9,2022,2022-12-12,40.0,,0.0,0.0,0.0
21,9,2023,2023-12-04,30.0,,,0.0,0.0
21,9,2024,2024-10-18,40.0,,0.0,0.0,0.0
21,11,2020,2021-01-09,20.0,,,0.0,0.0
21,11,2021,2021-12-15,20.0,0.0,0.0,0.0,0.0
21,11,2022,2022-12-11,20.0,,,,0.0
21,11,2023,2023-11-20,20.0,0.0,0.0,0.0,0.0
21,11,2024,2024-12-28,20.0,,0.0,0.0,0.0
21,12,2020,2020-12-04,10.0,,0.0,,0.0
21,12,2021,2021-12-13,10.0,0.0,0.0,0.0,0.0
21,12,2022,2022-12-11,10.0,,0.0,0.0,0.0
21,12,2023,2023-12-28,20.0,0.0,0.0,0.0,0.0
21,12,2024,2024-10-18,,90.0,0.0,0.0,0.0
21,13,2020,2020-11-28,60.0,0.0,0.0,0.0,0.0
21,13,2021,2021-12-11,60.0,0.0,0.0,0.0,0.0
21,13,2022,2022-12-10,60.0,,40.0,0.0,0.0
21,13,2023,2023-12-02,70.0,0.0,0.0,0.0,0.0
21,13,2024,2024-09-26,60.0,25.0,80.0,0.0,0.0
21,14,2020,2020-06-13,20.0,0.0,0.0,0.0,0.0
21,14,2021,2021-07-10,20.0,0.0,0.0,0.0,0.0
21,14,2022,2022-06-25,20.0,0.0,0.0,0.0,0.0
21,14,2023,2023-12-02,40.0,0.0,0.0,0.0,0.0
21,14,2024,2024-09-26,40.0,60.0,60.0,,
21,15,2020,2020-12-07,60.0,,0.0,,0.0
21,15,2021,2021-12-07,70.0,0.0,0.0,0.0,0.0
21,15,2022,2022-12-12,70.0,0.0,0.0,0.0,0.0
21,15,2023,2023-10-30,80.0,0.0,0.0,0.0,0.0
21,15,2024,2024-10-11,80.0,0.0,0.0,0.0,0.0
21,16,2020,2020-12-21,10.0,,5.0,0.0,0.0
21,16,2021,2021-12-17,10.0,0.0,0.0,0.0,0.0
21,16,2022,2022-12-06,,,0.0,,0.0
21,16,2023,2023-12-18,10.0,,,0.0,0.0
21,16,2024,2024-11-18,20.0,,,0.0,0.0
21,17,2020,2020-12-21,,0.0,0.0,0.0,0.0
21,17,2022,2022-12-06,,0.0,0.0,0.0,0.0
21,17,2023,2023-12-18,,0.0,0.0,0.0,0.0
21,17,2024,2024-12-13,,,,0.0,0.0
21,18,2020,2020-11-12,50.0,10.0,100.0,,0.0
21,18,2021,2021-12-15,60.0,0.0,0.0,0.0,0.0
21,18,2023,2023-09-29,20.0,0.0,0.0,0.0,0.0
21,18,2024,2024-12-13,20.0,0.0,0.0,0.0,0.0
22,1,2020,2020-10-20,40.0,,0.0,0.0,0.0
22,1,2021,2021-10-19,30.0,0.0,0.0,0.0,0.0
22,1,2022,2022-10-20,30.0,0.0,0.0,0.0,0.0
22,1,2023,2023-11-01,30.0,,0.0,0.0,0.0
22,1,2024,2024-10-16,30.0,30.0,40.0,,10.0
22,2,2020,2021-01-11,,0.0,0.0,0.0,0.0
22,2,2021,2021-11-05,2.5,0.0,0.0,0.0,0.0
22,2,2022,2022-11-17,,0.0,0.0,0.0,0.0
22,2,2023,2023-10-24,,0.0,0.0,0.0,0.0
22,2,2024,2024-10-16,,10.0,,,
22,3,2020,2021-01-11,20.0,0.0,0.0,0.0,0.0
22,3,2021,2021-11-18,10.0,0.0,0.0,0.0,0.0
22,3,2022,2022-12-27,10.0,0.0,0.0,0.0,0.0
22,3,2023,2023-10-24,20.0,,0.0,0.0,0.0
22,3,2024,2024-11-13,20.0,20.0,10.0,10.0,5.0
22,4,2020,2020-11-05,40.0,0.0,0.0,0.0,0.0
22,4,2021,2021-11-18,30.0,0.0,0.0,0.0,0.0
22,4,2022,2022-12-20,30.0,0.0,0.0,0.0,0.0
22,4,2023,2023-11-02,40.0,,0.0,0.0,0.0
22,4,2024,2024-09-04,30.0,90.0,80.0,,
22,5,2020,2020-11-05,20.0,0.0,0.0,0.0,0.0
22,5,2021,2021-11-18,10.0,0.0,0.0,0.0,0.0
22,5,2022,2022-12-20,20.0,,0.0,0.0,0.0
22,5,2023,2023-11-02,30.0,,,0.0,0.0
22,5,2024,2024-09-04,30.0,90.0,80.0,,
22,6,2020,2021-01-11,40.0,0.0,0.0,0.0,0.0
22,6,2021,2021-11-18,30.0,0.0,0.0,0.0,0.0
22,6,2022,2022-12-27,40.0,0.0,0.0,0.0,0.0
22,6,2023,2023-10-24,40.0,0.0,0.0,0.0,0.0
22,6,2024,2024-09-04,40.0,50.0,70.0,,
22,7,2020,2020-11-16,50.0,,,0.0,0.0
22,7,2021,2021-05-16,50.0,0.0,0.0,0.0,0.0
22,7,2022,2022-11-09,40.0,,,0.0,0.0
22,7,2023,2023-12-08,30.0,,0.0,,0.0
22,7,2024,2024-10-15,20.0,30.0,50.0,10.0,20.0
22,8,2020,2020-10-16,30.0,,,0.0,0.0
22,8,2021,2022-01-15,20.0,0.0,0.0,0.0,0.0
22,8,2022,2022-11-09,40.0,,,0.0,0.0
22,8,2023,2023-12-08,30.0,,0.0,0.0,0.0
22,8,2024,2024-11-13,30.0,15.0,15.0,10.0,10.0
22,9,2020,2020-10-16,,0.0,0.0,0.0,0.0
22,9,2021,2022-01-22,2.5,0.0,0.0,0.0,0.0
22,9,2022,2022-11-09,,0.0,0.0,0.0,0.0
22,9,2023,2023-12-08,,0.0,0.0,0.0,0.0
22,9,2024,2024-11-13,,0.0,0.0,0.0,0.0
22,10,2020,2020-12-02,30.0,0.0,0.0,0.0,0.0
22,10,2021,2021-10-18,30.0,,0.0,0.0,0.0
22,10,2022,2022-12-27,30.0,0.0,0.0,0.0,0.0
22,10,2023,2023-11-02,20.0,,,0.0,0.0
22,10,2024,2024-10-01,20.0,90.0,90.0,,
22,11,2020,2020-12-02,20.0,,0.0,0.0,0.0
22,11,2021,2021-10-18,20.0,,,0.0,0.0
22,11,2022,2022-11-11,30.0,,,0.0,0.0
22,11,2023,2023-11-02,20.0,,,0.0,0.0
22,11,2024,2024-10-01,20.0,80.0,90.0,,
22,12,2020,2020-10-29,30.0,,,0.0,0.0
22,12,2021,2021-10-21,30.0,0.0,0.0,0.0,0.0
22,12,2022,2022-12-16,30.0,0.0,0.0,0.0,0.0
22,12,2023,2023-10-26,30.0,10.0,,0.0,0.0
22,12,2024,2024-10-18,30.0,80.0,80.0,,10.0
22,13,2020,2020-10-29,40.0,,,0.0,0.0
22,13,2021,2021-10-21,30.0,,,0.0,0.0
22,13,2022,2022-12-16,30.0,0.0,0.0,0.0,0.0
22,13,2023,2023-10-26,30.0,,,0.0,0.0
22,13,2024,2024-10-18,30.0,80.0,80.0,10.0,20.0
22,14,2020,2020-10-29,30.0,0.0,0.0,0.0,0.0
22,14,2021,2021-10-21,20.0,0.0,0.0,0.0,0.0
22,14,2022,2022-12-16,20.0,0.0,0.0,0.0,0.0
22,14,2023,2023-10-26,10.0,,,0.0,0.0
22,14,2024,2024-10-18,20.0,80.0,80.0,10.0,30.0
22,15,2020,2020-10-29,30.0,0.0,0.0,0.0,0.0
22,15,2021,2021-10-21,30.0,,,0.0,0.0
22,15,2022,2022-12-16,30.0,0.0,0.0,0.0,0.0
22,15,2023,2023-10-26,30.0,,,0.0,0.0
22,15,2024,2024-10-18,30.0,80.0,90.0,10.0,40.0
22,16,2020,2020-10-29,,0.0,0.0,0.0,0.0
22,16,2021,2021-10-21,2.5,0.0,0.0,0.0,0.0
22,16,2022,2022-12-16,,0.0,0.0,0.0,0.0
22,16,2023,2023-10-26,,,0.0,0.0,0.0
22,16,2024,2024-10-18,,90.0,80.0,,
22,17,2020,2020-10-04,10.0,20.0,30.0,,
22,17,2021,2021-11-21,10.0,,,0.0,0.0
22,17,2022,2022-10-30,,10.0,,,
22,17,2023,2023-10-21,,,0.0,0.0,0.0
22,17,2024,2024-11-16,10.0,20.0,20.0,10.0,20.0
22,18,2020,2020-10-04,30.0,10.0,20.0,,
22,18,2021,2021-11-21,30.0,0.0,0.0,0.0,0.0
22,18,2023,2023-10-21,,,0.0,0.0,0.0
22,18,2024,2024-11-16,30.0,30.0,60.0,10.0,20.0
22,19,2020,2020-10-04,30.0,30.0,20.0,,
22,19,2021,2021-11-21,20.0,0.0,0.0,0.0,0.0
22,19,2022,2022-10-30,20.0,10.0,,,
22,19,2023,2023-10-21,30.0,10.0,,0.0,0.0
22,19,2024,2024-11-16,20.0,10.0,30.0,10.0,10.0
22,20,2020,2020-10-04,10.0,,0.0,,0.0
22,20,2021,2021-11-21,2.5,0.0,0.0,0.0,0.0
22,20,2023,2023-10-21,,,0.0,0.0,0.0
22,21,2020,2020-12-06,40.0,,,,
22,21,2021,2021-10-19,50.0,0.0,0.0,0.0,0.0
22,21,2022,2022-11-18,40.0,,0.0,0.0,0.0
22,21,2023,2023-12-16,40.0,,0.0,0.0,0.0
22,21,2024,2024-11-15,20.0,20.0,10.0,,
22,22,2020,2020-12-06,30.0,,,,
22,22,2021,2021-10-19,30.0,0.0,0.0,0.0,0.0
22,22,2022,2022-11-18,50.0,,,0.0,
22,22,2023,2023-12-16,40.0,,,0.0,0.0
22,22,2024,2024-11-15,40.0,,0.0,0.0,0.0
22,23,2020,2020-12-06,30.0,,0.0,0.0,0.0
22,23,2021,2021-10-19,30.0,0.0,0.0,0.0,0.0
22,23,2022,2022-11-18,30.0,,0.0,0.0,0.0
22,23,2023,2023-12-16,20.0,0.0,0.0,0.0,0.0
22,24,2020,2020-12-06,20.0,,0.0,0.0,0.0
22,24,2021,2021-10-19,20.0,0.0,0.0,0.0,0.0
22,24,2022,2022-11-18,30.0,,0.0,0.0,0.0
22,24,2023,2023-12-16,10.0,0.0,0.0,0.0,0.0
22,24,2024,2024-11-15,10.0,30.0,,10.0,
22,25,2020,2020-12-06,10.0,,0.0,0.0,0.0
22,25,2021,2021-10-19,10.0,0.0,0.0,0.0,0.0
22,25,2022,2022-11-18,10.0,,0.0,0.0,0.0
22,25,2023,2023-12-16,10.0,0.0,0.0,0.0,0.0
22,25,2024,2024-11-15,10.0,10.0,0.0,,0.0
22,27,2023,2023-10-04,,,0.0,0.0,0.0
22,27,2024,2024-11-06,,,,,
22,28,2022,2022-12-27,,0.0,0.0,0.0,0.0
22,28,2023,2023-10-04,,,0.0,0.0,0.0
22,28,2024,2024-11-06,,,0.0,0.0,0.0
22,29,2022,2022-12-27,40.0,0.0,0.0,0.0,0.0
22,29,2023,2023-10-04,40.0,,0.0,0.0,0.0
22,29,2024,2024-11-06,40.0,,0.0,0.0,0.0
22,30,2024,2024-11-06,10.0,,,,
22,31,2024,2024-11-15,20.0,20.0,,10.0,
22,32,2020,2020-12-19,,0.0,0.0,0.0,0.0
22,32,2021,2021-08-03,2.5,,0.0,0.0,0.0
22,32,2022,2022-10-08,,80.0,90.0,,
22,32,2023,2023-09-13,,0.0,0.0,0.0,0.0
22,32,2024,2024-08-08,,10.0,30.0,,
22,33,2020,2020-12-19,10.0,0.0,0.0,0.0,0.0
22,33,2021,2021-08-03,10.0,0.0,0.0,0.0,0.0
22,33,2022,2022-10-08,20.0,90.0,90.0,10.0,30.0
22,33,2023,2023-07-26,30.0,0.0,0.0,0.0,0.0
22,33,2024,2024-08-08,30.0,,0.0,0.0,0.0
22,34,2020,2020-12-19,20.0,0.0,0.0,0.0,0.0
22,34,2021,2021-08-03,20.0,0.0,0.0,0.0,0.0
22,34,2022,2022-10-08,40.0,20.0,20.0,,
22,34,2023,2023-09-13,20.0,0.0,0.0,0.0,0.0
22,34,2024,2024-08-08,20.0,,,0.0,0.0
22,35,2020,2020-10-05,60.0,,0.0,0.0,0.0
22,35,2021,2021-10-30,60.0,0.0,0.0,0.0,0.0
22,35,2022,2022-11-16,60.0,0.0,0.0,0.0,0.0
22,35,2023,2023-11-16,60.0,0.0,0.0,0.0,0.0
22,35,2024,2024-12-13,60.0,0.0,0.0,0.0,0.0
22,36,2020,2020-10-05,20.0,,0.0,0.0,0.0
22,36,2021,2021-10-30,20.0,0.0,0.0,0.0,0.0
22,36,2022,2022-11-16,20.0,0.0,0.0,0.0,0.0
22,36,2023,2023-11-16,20.0,0.0,0.0,0.0,0.0
22,36,2024,2024-12-13,20.0,,0.0,0.0,0.0
22,37,2020,2020-10-05,30.0,,0.0,0.0,0.0
22,37,2021,2021-10-30,30.0,0.0,0.0,0.0,0.0
22,37,2022,2022-11-16,20.0,,0.0,0.0,0.0
22,37,2023,2023-11-16,20.0,0.0,0.0,0.0,0.0
22,37,2024,2024-12-13,20.0,,0.0,0.0,0.0
22,38,2020,2020-10-05,20.0,20.0,0.0,,0.0
22,38,2021,2021-10-30,20.0,0.0,0.0,0.0,0.0
22,38,2022,2022-11-16,30.0,,0.0,0.0,0.0
22,38,2023,2023-11-16,30.0,0.0,0.0,0.0,0.0
22,38,2024,2024-12-13,20.0,50.0,20.0,40.0,20.0
23,1,2020,2020-11-16,,0.0,0.0,0.0,0.0
23,1,2021,2022-01-09,10.0,0.0,0.0,0.0,0.0
23,1,2022,2022-10-15,10.0,80.0,0.0,20.0,0.0
23,1,2023,2024-01-11,10.0,,,,
23,1,2024,2024-12-26,,90.0,,70.0,10.0
23,2,2020,2020-11-16,,0.0,0.0,0.0,0.0
23,2,2021,2022-01-09,2.5,0.0,0.0,0.0,0.0
23,2,2022,2022-10-15,10.0,60.0,100.0,,80.0
23,2,2023,2024-01-11,,,,,
23,2,2024,2024-12-26,,,,,
23,3,2020,2020-11-16,,0.0,0.0,0.0,0.0
23,3,2022,2022-10-15,,10.0,30.0,,
23,3,2023,2024-01-11,20.0,,,,
23,3,2024,2024-12-26,10.0,,,,
23,4,2020,2020-11-16,,0.0,0.0,0.0,0.0
23,4,2021,2022-01-09,2.5,0.0,0.0,0.0,0.0
23,4,2022,2022-10-15,,0.0,0.0,0.0,0.0
23,4,2024,2024-12-26,0.0,,,,
23,5,2020,2020-11-16,10.0,0.0,0.0,0.0,0.0
23,5,2021,2021-12-11,10.0,,0.0,0.0,0.0
23,5,2022,2022-10-15,20.0,,,,0.0
23,5,2023,2024-01-11,30.0,,,,
23,5,2024,2024-12-26,30.0,,,,0.0
23,6,2020,2020-11-29,40.0,0.0,0.0,0.0,0.0
23,6,2021,2021-11-13,60.0,,0.0,0.0,0.0
23,6,2022,2022-11-13,40.0,,0.0,0.0,0.0
23,6,2023,2023-12-21,70.0,,0.0,,0.0
23,6,2024,2024-12-19,80.0,,,,0.0
23,7,2020,2020-11-29,30.0,0.0,0.0,0.0,0.0
23,7,2021,2021-11-13,30.0,,0.0,0.0,0.0
23,7,2022,2022-11-13,30.0,,0.0,0.0,0.0
23,7,2023,2023-12-21,50.0,,0.0,,0.0
23,7,2024,2024-12-19,50.0,,,,0.0
23,9,2020,2020-11-14,0.0,0.0,0.0,0.0,0.0
23,9,2021,2021-12-12,2.5,0.0,0.0,0.0,0.0
23,9,2022,2022-10-20,,60.0,50.0,30.0,50.0
23,9,2023,2023-12-22,,,,,
23,9,2024,2024-12-29,,,,,
23,10,2020,2020-11-14,,,0.0,0.0,0.0
23,10,2021,2021-12-12,2.5,,0.0,0.0,0.0
23,10,2022,2022-10-20,,60.0,80.0,30.0,50.0
23,10,2023,2023-10-15,10.0,,,,
23,10,2024,2024-12-13,20.0,,50.0,,50.0
23,11,2020,2020-12-20,,,0.0,0.0,0.0
23,11,2021,2021-10-24,2.5,,0.0,0.0,0.0
23,11,2022,2022-10-20,,80.0,80.0,50.0,50.0
23,11,2023,2023-10-15,,40.0,,,
23,11,2024,2024-12-13,,,50.0,,50.0
23,12,2020,2020-12-20,,,0.0,0.0,0.0
23,12,2021,2021-10-24,2.5,,0.0,0.0,0.0
23,12,2022,2022-10-20,,80.0,80.0,50.0,50.0
23,12,2023,2023-10-15,,40.0,,,
23,12,2024,2024-12-13,,,50.0,,50.0
23,13,2020,2020-11-26,,0.0,0.0,0.0,0.0
23,13,2021,2021-12-22,2.5,0.0,0.0,0.0,0.0
23,13,2022,2022-10-22,,30.0,0.0,,0.0
23,13,2023,2023-12-14,,,0.0,,0.0
23,13,2024,2024-12-24,,10.0,,,0.0
23,14,2020,2020-11-26,,0.0,0.0,0.0,0.0
23,14,2021,2021-12-22,2.5,0.0,0.0,0.0,0.0
23,14,2022,2022-10-22,,80.0,80.0,50.0,30.0
23,14,2023,2023-12-14,,,80.0,,30.0
23,14,2024,2024-12-24,,10.0,,,0.0
23,15,2020,2020-11-22,50.0,0.0,0.0,0.0,0.0
23,15,2021,2021-12-16,60.0,0.0,0.0,0.0,0.0
23,15,2022,2022-10-22,60.0,30.0,50.0,,
23,15,2023,2023-12-14,70.0,,0.0,,0.0
23,15,2024,2025-01-05,70.0,,,,
23,16,2020,2020-11-15,40.0,0.0,0.0,0.0,0.0
23,16,2021,2021-12-23,50.0,0.0,0.0,0.0,0.0
23,16,2022,2022-11-06,,90.0,90.0,90.0,90.0
23,16,2023,2023-12-03,10.0,,0.0,0.0,0.0
23,16,2024,2024-12-11,10.0,,0.0,0.0,0.0
23,17,2020,2020-11-15,20.0,0.0,0.0,0.0,0.0
23,17,2021,2021-12-23,30.0,0.0,0.0,0.0,0.0
23,17,2022,2022-11-06,,90.0,90.0,90.0,90.0
23,17,2023,2023-12-03,,,0.0,0.0,0.0
23,17,2024,2024-12-11,10.0,,0.0,0.0,0.0
23,18,2020,2020-11-15,,0.0,0.0,0.0,0.0
23,18,2021,2021-12-23,2.5,0.0,0.0,0.0,0.0
23,18,2022,2022-11-06,,,0.0,0.0,0.0
23,18,2023,2023-12-03,,,0.0,0.0,0.0
23,18,2024,2024-12-11,,,,,
24,1,2020,2020-11-05,,0.0,0.0,0.0,0.0
24,1,2021,2021-10-15,10.0,0.0,0.0,0.0,0.0
24,1,2022,2022-10-20,,0.0,0.0,0.0,0.0
24,1,2023,2023-11-21,,2.5,2.5,0.0,0.0
24,1,2024,2024-10-21,,2.5,0.0,0.0,0.0
24,2,2020,2020-11-05,40.0,5.0,5.0,0.0,0.0
24,2,2021,2021-10-15,20.0,0.0,0.0,0.0,0.0
24,2,2022,2022-10-20,40.0,5.0,5.0,0.0,0.0
24,2,2023,2023-11-21,50.0,5.0,5.0,0.0,0.0
24,2,2024,2024-10-21,30.0,50.0,60.0,50.0,60.0
24,3,2020,2020-11-05,40.0,5.0,5.0,0.0,0.0
24,3,2021,2021-10-15,40.0,0.0,0.0,0.0,0.0
24,3,2022,2022-10-20,30.0,0.0,0.0,0.0,0.0
24,3,2023,2023-11-21,30.0,2.5,2.5,0.0,0.0
24,3,2024,2024-10-21,20.0,15.0,17.5,10.0,15.0
24,4,2020,2020-11-05,0.0,0.0,0.0,0.0,0.0
24,4,2021,2021-10-15,10.0,0.0,0.0,0.0,0.0
24,4,2022,2022-10-20,,5.0,0.0,0.0,0.0
24,4,2023,2023-11-21,,2.5,2.5,0.0,0.0
24,4,2024,2024-10-21,,10.0,7.5,0.0,0.0
24,5,2020,2020-10-21,20.0,5.0,5.0,0.0,0.0
24,5,2021,2021-10-08,20.0,5.0,5.0,0.0,0.0
24,5,2022,2022-12-20,20.0,5.0,0.0,0.0,0.0
24,5,2023,2023-11-08,20.0,2.5,2.5,0.0,0.0
24,5,2024,2024-12-02,30.0,0.0,2.5,0.0,0.0
24,6,2020,2020-10-21,,0.0,0.0,0.0,0.0
24,6,2021,2021-10-27,10.0,0.0,0.0,0.0,0.0
24,6,2022,2022-10-27,,0.0,0.0,0.0,0.0
24,6,2023,2023-11-08,,2.5,2.5,0.0,0.0
24,6,2024,2024-11-25,,0.0,0.0,0.0,0.0
24,7,2020,2020-10-21,30.0,5.0,5.0,0.0,0.0
24,7,2021,2021-10-08,30.0,5.0,5.0,0.0,0.0
24,7,2022,2022-10-27,40.0,5.0,5.0,0.0,0.0
24,7,2023,2023-09-22,30.0,5.0,5.0,0.0,0.0
24,7,2024,2024-09-25,30.0,5.0,5.0,0.0,0.0
24,8,2020,2020-10-21,20.0,5.0,5.0,0.0,0.0
24,8,2021,2021-10-08,30.0,5.0,5.0,0.0,0.0
24,8,2022,2022-10-27,30.0,5.0,5.0,0.0,0.0
24,8,2023,2023-11-08,20.0,2.5,2.5,0.0,0.0
24,8,2024,2024-11-25,30.0,0.0,5.0,0.0,0.0
24,9,2020,2020-10-29,10.0,5.0,5.0,0.0,0.0
24,9,2021,2021-10-08,20.0,5.0,5.0,0.0,0.0
24,9,2022,2022-10-27,20.0,0.0,0.0,0.0,0.0
24,9,2023,2023-11-09,20.0,0.0,0.0,0.0,0.0
24,9,2024,2024-11-25,30.0,0.0,0.0,0.0,0.0
24,10,2020,2020-10-29,40.0,5.0,5.0,0.0,0.0
24,10,2021,2021-10-27,50.0,5.0,5.0,0.0,0.0
24,10,2022,2022-10-22,40.0,5.0,5.0,0.0,0.0
24,10,2023,2023-09-20,30.0,5.0,5.0,0.0,0.0
24,10,2024,2024-09-25,40.0,5.0,10.0,0.0,0.0
24,11,2020,2020-10-12,60.0,0.0,0.0,0.0,0.0
24,11,2021,2021-10-22,80.0,0.0,0.0,0.0,0.0
24,11,2022,2022-10-19,80.0,5.0,5.0,0.0,0.0
24,11,2023,2023-11-09,70.0,2.5,2.5,0.0,0.0
24,11,2024,2024-11-25,70.0,0.0,0.0,0.0,0.0
24,12,2020,2020-10-29,40.0,5.0,5.0,0.0,0.0
24,12,2021,2021-10-27,70.0,0.0,0.0,0.0,0.0
24,12,2022,2022-12-20,60.0,0.0,0.0,0.0,0.0
24,12,2023,2023-11-08,60.0,2.5,2.5,0.0,0.0
24,12,2024,2024-11-25,50.0,0.0,0.0,0.0,0.0
24,13,2020,2020-10-12,20.0,5.0,5.0,0.0,0.0
24,13,2021,2021-10-22,30.0,5.0,5.0,0.0,0.0
24,13,2022,2022-10-19,30.0,5.0,5.0,0.0,0.0
24,13,2023,2023-09-26,30.0,2.5,2.5,0.0,0.0
24,13,2024,2024-09-25,30.0,5.0,5.0,0.0,0.0
24,14,2020,2020-10-12,20.0,5.0,5.0,0.0,0.0
24,14,2021,2021-10-22,20.0,5.0,5.0,0.0,0.0
24,14,2022,2022-10-19,20.0,0.0,0.0,0.0,0.0
24,14,2023,2023-11-09,20.0,2.5,2.5,0.0,0.0
24,14,2024,2024-12-02,30.0,0.0,0.0,0.0,0.0
24,15,2020,2020-10-29,,0.0,0.0,0.0,0.0
24,15,2021,2021-10-27,10.0,5.0,5.0,0.0,0.0
24,15,2022,2022-10-22,10.0,5.0,0.0,0.0,0.0
24,15,2023,2023-11-09,10.0,2.5,2.5,0.0,0.0
24,15,2024,2024-12-02,10.0,2.5,2.5,0.0,0.0
25,1,2024,2024-10-12,10.0,60.0,50.0,30.0,30.0
25,2,2024,2024-10-12,20.0,20.0,,10.0,
25,3,2024,2024-10-12,,60.0,50.0,30.0,20.0
25,4,2024,2024-10-12,10.0,10.0,30.0,,20.0
25,5,2024,2024-10-12,20.0,5.0,,,
25,6,2024,2024-10-13,10.0,50.0,80.0,20.0,20.0
25,7,2024,2024-10-13,10.0,50.0,80.0,10.0,40.0
25,8,2024,2024-10-13,20.0,40.0,60.0,10.0,30.0
25,9,2024,2024-10-13,30.0,30.0,30.0,10.0,10.0
26,1,2021,2021-12-16,30.0,0.0,0.0,0.0,0.0
26,1,2022,2022-12-06,40.0,,,,0.0
26,2,2021,2022-01-11,5.0,0.0,0.0,0.0,0.0
26,2,2022,2022-12-09,,,,0.0,0.0
26,3,2021,2022-01-11,2.5,0.0,0.0,0.0,0.0
26,3,2022,2022-12-09,,,,0.0,0.0
26,4,2021,2022-01-11,10.0,0.0,0.0,0.0,0.0
26,4,2022,2022-12-09,,,,0.0,0.0
26,5,2021,2021-12-16,2.5,0.0,0.0,0.0,0.0
26,5,2022,2022-11-15,,40.0,,0.0,0.0
26,6,2021,2021-12-16,2.5,0.0,0.0,0.0,0.0
26,6,2022,2022-11-15,,,0.0,0.0,0.0
26,7,2021,2021-12-21,60.0,0.0,0.0,0.0,0.0
26,7,2022,2022-12-13,60.0,,,,
